province_source_name,display_title,old_units,communes_full,communes_visual_40,landmarks,foods
Thành phố Hà Nội,HÀ NỘI,Quận Hoàn Kiếm; Quận Ba Đình; Quận Hai Bà Trưng; Quận Đống Đa; Quận Tây Hồ; Quận Hoàng Mai; Huyện Thanh Trì; Quận Thanh Xuân; Quận Cầu Giấy; Quận Bắc Từ Liêm; Quận Nam Từ Liêm; Quận Long Biên; Quận Hà Đông; Huyện Thường Tín; Huyện Phú Xuyên; Huyện Thanh Oai; Huyện Ứng Hoà; Huyện Mỹ Đức; Huyện Chương Mỹ; Huyện Ba Vì; Thị xã Sơn Tây; Huyện Phúc Thọ; Huyện Thạch Thất; Huyện Quốc Oai; Huyện Hoài Đức; Huyện Đan Phượng; Huyện Gia Lâm; Huyện Đông Anh; Huyện Mê Linh; Huyện Sóc Sơn,Phường Hoàn Kiếm; Phường Cửa Nam; Phường Ba Đình; Phường Ngọc Hà; Phường Giảng Võ; Phường Hai Bà Trưng; Phường Vĩnh Tuy; Phường Bạch Mai; Phường Đống Đa; Phường Kim Liên; Phường Văn Miếu - Quốc Tử Giám; Phường Láng; Phường Ô Chợ Dừa; Phường Hồng Hà; Phường Lĩnh Nam; Phường Hoàng Mai; Phường Vĩnh Hưng; Phường Tương Mai; Phường Định Công; Phường Hoàng Liệt; Phường Yên Sở; Phường Thanh Xuân; Phường Khương Đình; Phường Phương Liệt; Phường Cầu Giấy; Phường Nghĩa Đô; Phường Yên Hoà; Phường Tây Hồ; Phường Phú Thượng; Phường Tây Tựu; Phường Phú Diễn; Phường Xuân Đỉnh; Phường Đông Ngạc; Phường Thượng Cát; Phường Từ Liêm; Phường Xuân Phương; Phường Tây Mỗ; Phường Đại Mỗ; Phường Long Biên; Phường Bồ Đề; Phường Việt Hưng; Phường Phúc Lợi; Phường Hà Đông; Phường Dương Nội; Phường Yên Nghĩa; Phường Phú Lương; Phường Kiến Hưng; Xã Thanh Trì; Xã Đại Thanh; Xã Nam Phù; Xã Ngọc Hồi; Phường Thanh Liệt; Xã Thượng Phúc; Xã Thường Tín; Xã Chương Dương; Xã Hồng Vân; Xã Phú Xuyên; Xã Phượng Dực; Xã Chuyên Mỹ; Xã Đại Xuyên; Xã Thanh Oai; Xã Bình Minh; Xã Tam Hưng; Xã Dân Hoà; Xã Vân Đình; Xã Ứng Thiên; Xã Hoà Xá; Xã Ứng Hoà; Xã Mỹ Đức; Xã Hồng Sơn; Xã Phúc Sơn; Xã Hương Sơn; Phường Chương Mỹ; Xã Phú Nghĩa; Xã Xuân Mai; Xã Trần Phú; Xã Hoà Phú; Xã Quảng Bị; Xã Minh Châu; Xã Quảng Oai; Xã Vật Lại; Xã Cổ Đô; Xã Bất Bạt; Xã Suối Hai; Xã Ba Vì; Xã Yên Bài; Phường Sơn Tây; Phường Tùng Thiện; Xã Đoài Phương; Xã Phúc Thọ; Xã Phúc Lộc; Xã Hát Môn; Xã Thạch Thất; Xã Hạ Bằng; Xã Tây Phương; Xã Hoà Lạc; Xã Yên Xuân; Xã Quốc Oai; Xã Hưng Đạo; Xã Kiều Phú; Xã Phú Cát; Xã Hoài Đức; Xã Dương Hoà; Xã Sơn Đồng; Xã An Khánh; Xã Đan Phượng; Xã Ô Diên; Xã Liên Minh; Xã Gia Lâm; Xã Thuận An; Xã Bát Tràng; Xã Phù Đổng; Xã Thư Lâm; Xã Đông Anh; Xã Phúc Thịnh; Xã Thiên Lộc; Xã Vĩnh Thanh; Xã Mê Linh; Xã Yên Lãng; Xã Tiến Thắng; Xã Quang Minh; Xã Sóc Sơn; Xã Đa Phúc; Xã Nội Bài; Xã Trung Giã; Xã Kim Anh,Phường Hoàn Kiếm; Phường Cửa Nam; Phường Ba Đình; Phường Ngọc Hà; Phường Giảng Võ; Phường Hai Bà Trưng; Phường Vĩnh Tuy; Phường Bạch Mai; Phường Đống Đa; Phường Kim Liên; Phường Văn Miếu - Quốc Tử Giám; Phường Láng; Phường Ô Chợ Dừa; Phường Hồng Hà; Phường Lĩnh Nam; Phường Hoàng Mai; Phường Vĩnh Hưng; Phường Tương Mai; Phường Định Công; Phường Hoàng Liệt; Phường Yên Sở; Phường Thanh Xuân; Phường Khương Đình; Phường Phương Liệt; Phường Cầu Giấy; Phường Nghĩa Đô; Phường Yên Hoà; Phường Tây Hồ; Phường Phú Thượng; Phường Tây Tựu; Phường Phú Diễn; Phường Xuân Đỉnh; Phường Đông Ngạc; Phường Thượng Cát; Phường Từ Liêm; Phường Xuân Phương; Phường Tây Mỗ; Phường Đại Mỗ; Phường Long Biên; Phường Bồ Đề,Hồ Gươm; Văn Miếu; Lăng Chủ tịch Hồ Chí Minh; Hoàng thành Thăng Long; Chùa Một Cột; Phố cổ; Hồ Tây; Cầu Long Biên,Phở Hà Nội; Bún chả; Cốm làng Vòng; Chả cá Lã Vọng; Bánh tôm Hồ Tây; Bún thang
Tỉnh Bắc Ninh,BẮC NINH,Huyện Sơn Động; Huyện Lục Ngạn; Thị xã Chũ; Huyện Lục Nam; Huyện Lạng Giang; Huyện Yên Thế; Huyện Tân Yên; Huyện Hiệp Hoà; Thị xã Việt Yên; Thành phố Bắc Giang; Thành phố Bắc Ninh; Thị xã Từ Sơn; Thị xã Thuận Thành; Thị xã Quế Võ; Huyện Yên Phong; Huyện Tiên Du; Huyện Gia Bình; Huyện Lương Tài,Xã Đại Sơn; Xã Sơn Động; Xã Tây Yên Tử; Xã Dương Hưu; Xã Yên Định; Xã An Lạc; Xã Vân Sơn; Xã Biển Động; Xã Lục Ngạn; Xã Đèo Gia; Xã Sơn Hải; Xã Tân Sơn; Xã Biên Sơn; Xã Sa Lý; Xã Nam Dương; Xã Kiên Lao; Phường Chũ; Phường Phượng Sơn; Xã Lục Sơn; Xã Trường Sơn; Xã Cẩm Lý; Xã Đông Phú; Xã Nghĩa Phương; Xã Lục Nam; Xã Bắc Lũng; Xã Bảo Đài; Xã Lạng Giang; Xã Mỹ Thái; Xã Kép; Xã Tân Dĩnh; Xã Tiên Lục; Xã Yên Thế; Xã Bố Hạ; Xã Đồng Kỳ; Xã Xuân Lương; Xã Tam Tiến; Xã Tân Yên; Xã Ngọc Thiện; Xã Nhã Nam; Xã Phúc Hoà; Xã Quang Trung; Xã Hợp Thịnh; Xã Hiệp Hoà; Xã Hoàng Vân; Xã Xuân Cẩm; Phường Tự Lạn; Phường Việt Yên; Phường Nếnh; Phường Vân Hà; Xã Đồng Việt; Phường Bắc Giang; Phường Đa Mai; Phường Tiền Phong; Phường Tân An; Phường Yên Dũng; Phường Tân Tiến; Phường Cảnh Thụy; Phường Kinh Bắc; Phường Võ Cường; Phường Vũ Ninh; Phường Hạp Lĩnh; Phường Nam Sơn; Phường Từ Sơn; Phường Tam Sơn; Phường Đồng Nguyên; Phường Phù Khê; Phường Thuận Thành; Phường Mão Điền; Phường Trạm Lộ; Phường Trí Quả; Phường Song Liễu; Phường Ninh Xá; Phường Quế Võ; Phường Phương Liễu; Phường Nhân Hoà; Phường Đào Viên; Phường Bồng Lai; Xã Chi Lăng; Xã Phù Lãng; Xã Yên Phong; Xã Văn Môn; Xã Tam Giang; Xã Yên Trung; Xã Tam Đa; Xã Tiên Du; Xã Liên Bão; Xã Tân Chi; Xã Đại Đồng; Xã Phật Tích; Xã Gia Bình; Xã Nhân Thắng; Xã Đại Lai; Xã Cao Đức; Xã Đông Cứu; Xã Lương Tài; Xã Lâm Thao; Xã Trung Chính; Xã Trung Kênh; Xã Tuấn Đạo,Xã Đại Sơn; Xã Sơn Động; Xã Tây Yên Tử; Xã Dương Hưu; Xã Yên Định; Xã An Lạc; Xã Vân Sơn; Xã Biển Động; Xã Lục Ngạn; Xã Đèo Gia; Xã Sơn Hải; Xã Tân Sơn; Xã Biên Sơn; Xã Sa Lý; Xã Nam Dương; Xã Kiên Lao; Phường Chũ; Phường Phượng Sơn; Xã Lục Sơn; Xã Trường Sơn; Xã Cẩm Lý; Xã Đông Phú; Xã Nghĩa Phương; Xã Lục Nam; Xã Bắc Lũng; Xã Bảo Đài; Xã Lạng Giang; Xã Mỹ Thái; Xã Kép; Xã Tân Dĩnh; Xã Tiên Lục; Xã Yên Thế; Xã Bố Hạ; Xã Đồng Kỳ; Xã Xuân Lương; Xã Tam Tiến; Xã Tân Yên; Xã Ngọc Thiện; Xã Nhã Nam; Xã Phúc Hoà,Địa danh trung tâm; Sông hồ / bờ biển / núi đặc trưng; Khu văn hóa lịch sử; Chợ địa phương; Công viên / thắng cảnh nổi bật,Đặc sản địa phương; Món truyền thống; Hải sản / nông sản đặc trưng; Bánh dân gian; Thức uống địa phương
Tỉnh Quảng Ninh,QUẢNG NINH,Thành phố Đông Triều; Thành phố Uông Bí; Thị xã Quảng Yên; Thành phố Hạ Long; Thành phố Cẩm Phả; Huyện Tiên Yên; Huyện Ba Chẽ; Huyện Đầm Hà; Huyện Hải Hà; Huyện Bình Liêu; Thành phố Móng Cái; Huyện Vân Đồn; Huyện Cô Tô,Phường An Sinh; Phường Đông Triều; Phường Bình Khê; Phường Mạo Khê; Phường Hoàng Quế; Phường Yên Tử; Phường Vàng Danh; Phường Uông Bí; Phường Đông Mai; Phường Hiệp Hoà; Phường Quảng Yên; Phường Hà An; Phường Phong Cốc; Phường Liên Hoà; Phường Tuần Châu; Phường Việt Hưng; Phường Bãi Cháy; Phường Hà Tu; Phường Hà Lầm; Phường Cao Xanh; Phường Hồng Gai; Phường Hạ Long; Phường Hoành Bồ; Xã Quảng La; Xã Thống Nhất; Phường Mông Dương; Phường Quang Hanh; Phường Cẩm Phả; Phường Cửa Ông; Xã Hải Hoà; Xã Tiên Yên; Xã Điền Xá; Xã Đông Ngũ; Xã Hải Lạng; Xã Lương Minh; Xã Kỳ Thượng; Xã Ba Chẽ; Xã Quảng Tân; Xã Đầm Hà; Xã Quảng Hà; Xã Đường Hoa; Xã Quảng Đức; Xã Hoành Mô; Xã Lục Hồn; Xã Bình Liêu; Xã Hải Sơn; Xã Hải Ninh; Xã Vĩnh Thực; Phường Móng Cái 1; Phường Móng Cái 2; Phường Móng Cái 3; Đặc khu Vân Đồn; Đặc khu Cô Tô; Xã Cái Chiên,Phường An Sinh; Phường Đông Triều; Phường Bình Khê; Phường Mạo Khê; Phường Hoàng Quế; Phường Yên Tử; Phường Vàng Danh; Phường Uông Bí; Phường Đông Mai; Phường Hiệp Hoà; Phường Quảng Yên; Phường Hà An; Phường Phong Cốc; Phường Liên Hoà; Phường Tuần Châu; Phường Việt Hưng; Phường Bãi Cháy; Phường Hà Tu; Phường Hà Lầm; Phường Cao Xanh; Phường Hồng Gai; Phường Hạ Long; Phường Hoành Bồ; Xã Quảng La; Xã Thống Nhất; Phường Mông Dương; Phường Quang Hanh; Phường Cẩm Phả; Phường Cửa Ông; Xã Hải Hoà; Xã Tiên Yên; Xã Điền Xá; Xã Đông Ngũ; Xã Hải Lạng; Xã Lương Minh; Xã Kỳ Thượng; Xã Ba Chẽ; Xã Quảng Tân; Xã Đầm Hà; Xã Quảng Hà,Địa danh trung tâm; Sông hồ / bờ biển / núi đặc trưng; Khu văn hóa lịch sử; Chợ địa phương; Công viên / thắng cảnh nổi bật,Đặc sản địa phương; Món truyền thống; Hải sản / nông sản đặc trưng; Bánh dân gian; Thức uống địa phương
Tp Hải Phòng,HẢI PHÒNG,Thành phố Thuỷ Nguyên; Quận Hồng Bàng; Quận Ngô Quyền; Quận Lê Chân; Quận Hải An; Quận Kiến An; Quận Đồ Sơn; Quận Dương Kinh; Quận An Dương; Huyện An Lão; Huyện Kiến Thụy; Huyện Tiên Lãng; Huyện Vĩnh Bảo; Huyện Cát Hải; Huyện Bạch Long Vĩ; Thành phố Hải Dương; Huyện Cẩm Giàng; Thành phố Chí Linh; Thị xã Kinh Môn; Huyện Nam Sách; Huyện Thanh Hà; Huyện Bình Giang; Huyện Gia Lộc; Huyện Tứ Kỳ; Huyện Ninh Giang; Huyện Thanh Miện; Huyện Kim Thành,Phường Thuỷ Nguyên; Phường Thiên Hương; Phường Hoà Bình; Phường Nam Triệu; Phường Bạch Đằng; Phường Lưu Kiếm; Phường Lê Ích Mộc; Phường Hồng Bàng; Phường Hồng An; Phường Ngô Quyền; Phường Gia Viên; Phường Lê Chân; Phường An Biên; Phường Hải An; Phường Đông Hải; Phường Kiến An; Phường Phù Liễn; Phường Nam Đồ Sơn; Phường Đồ Sơn; Phường Hưng Đạo; Phường Dương Kinh; Phường An Dương; Phường An Hải; Phường An Phong; Xã An Hưng; Xã An Khánh; Xã An Quang; Xã An Trường; Xã An Lão; Xã Kiến Thụy; Xã Kiến Minh; Xã Kiến Hải; Xã Kiến Hưng; Xã Nghi Dương; Xã Quyết Thắng; Xã Tiên Lãng; Xã Tân Minh; Xã Tiên Minh; Xã Chấn Hưng; Xã Hùng Thắng; Xã Vĩnh Bảo; Xã Nguyễn Bỉnh Khiêm; Xã Vĩnh Am; Xã Vĩnh Hải; Xã Vĩnh Hoà; Xã Vĩnh Thịnh; Xã Vĩnh Thuận; Xã Việt Khê; Đặc khu Cát Hải; Đặc khu Bạch Long Vĩ; Phường Hải Dương; Phường Lê Thanh Nghị; Phường Việt Hoà; Phường Thành Đông; Phường Nam Đồng; Phường Tân Hưng; Phường Thạch Khôi; Phường Tứ Minh; Phường Ái Quốc; Phường Chu Văn An; Phường Chí Linh; Phường Trần Hưng Đạo; Phường Nguyễn Trãi; Phường Trần Nhân Tông; Phường Lê Đại Hành; Phường Kinh Môn; Phường Nguyễn Đại Năng; Phường Trần Liễu; Phường Bắc An Phụ; Phường Phạm Sư Mạnh; Phường Nhị Chiểu; Xã Nam An Phụ; Xã Nam Sách; Xã Thái Tân; Xã Hợp Tiến; Xã Trần Phú; Xã An Phú; Xã Thanh Hà; Xã Hà Tây; Xã Hà Bắc; Xã Hà Nam; Xã Hà Đông; Xã Cẩm Giang; Xã Tuệ Tĩnh; Xã Mao Điền; Xã Cẩm Giàng; Xã Kẻ Sặt; Xã Bình Giang; Xã Đường An; Xã Thượng Hồng; Xã Gia Lộc; Xã Yết Kiêu; Xã Gia Phúc; Xã Trường Tân; Xã Tứ Kỳ; Xã Tân Kỳ; Xã Đại Sơn; Xã Chí Minh; Xã Lạc Phượng; Xã Nguyên Giáp; Xã Ninh Giang; Xã Vĩnh Lại; Xã Khúc Thừa Dụ; Xã Tân An; Xã Hồng Châu; Xã Thanh Miện; Xã Bắc Thanh Miện; Xã Hải Hưng; Xã Nguyễn Lương Bằng; Xã Nam Thanh Miện; Xã Phú Thái; Xã Lai Khê; Xã An Thành; Xã Kim Thành,Phường Thuỷ Nguyên; Phường Thiên Hương; Phường Hoà Bình; Phường Nam Triệu; Phường Bạch Đằng; Phường Lưu Kiếm; Phường Lê Ích Mộc; Phường Hồng Bàng; Phường Hồng An; Phường Ngô Quyền; Phường Gia Viên; Phường Lê Chân; Phường An Biên; Phường Hải An; Phường Đông Hải; Phường Kiến An; Phường Phù Liễn; Phường Nam Đồ Sơn; Phường Đồ Sơn; Phường Hưng Đạo; Phường Dương Kinh; Phường An Dương; Phường An Hải; Phường An Phong; Xã An Hưng; Xã An Khánh; Xã An Quang; Xã An Trường; Xã An Lão; Xã Kiến Thụy; Xã Kiến Minh; Xã Kiến Hải; Xã Kiến Hưng; Xã Nghi Dương; Xã Quyết Thắng; Xã Tiên Lãng; Xã Tân Minh; Xã Tiên Minh; Xã Chấn Hưng; Xã Hùng Thắng,Cát Bà; Đồ Sơn; Nhà hát lớn Hải Phòng; Cảng Hải Phòng; Côn Sơn - Kiếp Bạc; Đảo Long Châu,Bánh đa cua; Nem cua bể; Bánh mì cay; Chả rươi; Dừa dầm; Hải sản Đồ Sơn
Tỉnh Hưng Yên,HƯNG YÊN,Thành phố Hưng Yên; Thị xã Mỹ Hào; Huyện Tiên Lữ; Huyện Phù Cừ; Huyện Kim Động; Huyện Ân Thi; Huyện Khoái Châu; Huyện Yên Mỹ; Huyện Văn Lâm; Huyện Văn Giang; Thành phố Thái Bình; Huyện Thái Thụy; Huyện Tiền Hải; Huyện Quỳnh Phụ; Huyện Hưng Hà; Huyện Đông Hưng; Huyện Kiến Xương; Huyện Vũ Thư,Phường Phố Hiến; Phường Sơn Nam; Phường Hồng Châu; Phường Mỹ Hào; Phường Đường Hào; Phường Thượng Hồng; Xã Tân Hưng; Xã Hoàng Hoa Thám; Xã Tiên Lữ; Xã Tiên Hoa; Xã Quang Hưng; Xã Đoàn Đào; Xã Tiên Tiến; Xã Tống Trân; Xã Lương Bằng; Xã Nghĩa Dân; Xã Hiệp Cường; Xã Đức Hợp; Xã Ân Thi; Xã Xuân Trúc; Xã Phạm Ngũ Lão; Xã Nguyễn Trãi; Xã Hồng Quang; Xã Khoái Châu; Xã Triệu Việt Vương; Xã Việt Tiến; Xã Chí Minh; Xã Châu Ninh; Xã Yên Mỹ; Xã Việt Yên; Xã Hoàn Long; Xã Nguyễn Văn Linh; Xã Như Quỳnh; Xã Lạc Đạo; Xã Đại Đồng; Xã Nghĩa Trụ; Xã Phụng Công; Xã Văn Giang; Xã Mễ Sở; Phường Thái Bình; Phường Trần Lãm; Phường Trần Hưng Đạo; Phường Trà Lý; Phường Vũ Phúc; Xã Thái Thụy; Xã Đông Thụy Anh; Xã Bắc Thụy Anh; Xã Thụy Anh; Xã Nam Thụy Anh; Xã Bắc Thái Ninh; Xã Thái Ninh; Xã Đông Thái Ninh; Xã Nam Thái Ninh; Xã Tây Thái Ninh; Xã Tây Thụy Anh; Xã Tiền Hải; Xã Tây Tiền Hải; Xã Ái Quốc; Xã Đồng Châu; Xã Đông Tiền Hải; Xã Nam Cường; Xã Hưng Phú; Xã Nam Tiền Hải; Xã Quỳnh Phụ; Xã Minh Thọ; Xã Nguyễn Du; Xã Quỳnh An; Xã Ngọc Lâm; Xã Đồng Bằng; Xã A Sào; Xã Phụ Dực; Xã Tân Tiến; Xã Hưng Hà; Xã Tiên La; Xã Lê Quý Đôn; Xã Hồng Minh; Xã Thần Khê; Xã Diên Hà; Xã Ngự Thiên; Xã Long Hưng; Xã Đông Hưng; Xã Bắc Tiên Hưng; Xã Đông Tiên Hưng; Xã Nam Đông Hưng; Xã Bắc Đông Quan; Xã Bắc Đông Hưng; Xã Đông Quan; Xã Nam Tiên Hưng; Xã Tiên Hưng; Xã Lê Lợi; Xã Kiến Xương; Xã Quang Lịch; Xã Vũ Quý; Xã Bình Thanh; Xã Bình Định; Xã Hồng Vũ; Xã Bình Nguyên; Xã Trà Giang; Xã Vũ Thư; Xã Thư Trì; Xã Tân Thuận; Xã Thư Vũ; Xã Vũ Tiên; Xã Vạn Xuân,Phường Phố Hiến; Phường Sơn Nam; Phường Hồng Châu; Phường Mỹ Hào; Phường Đường Hào; Phường Thượng Hồng; Xã Tân Hưng; Xã Hoàng Hoa Thám; Xã Tiên Lữ; Xã Tiên Hoa; Xã Quang Hưng; Xã Đoàn Đào; Xã Tiên Tiến; Xã Tống Trân; Xã Lương Bằng; Xã Nghĩa Dân; Xã Hiệp Cường; Xã Đức Hợp; Xã Ân Thi; Xã Xuân Trúc; Xã Phạm Ngũ Lão; Xã Nguyễn Trãi; Xã Hồng Quang; Xã Khoái Châu; Xã Triệu Việt Vương; Xã Việt Tiến; Xã Chí Minh; Xã Châu Ninh; Xã Yên Mỹ; Xã Việt Yên; Xã Hoàn Long; Xã Nguyễn Văn Linh; Xã Như Quỳnh; Xã Lạc Đạo; Xã Đại Đồng; Xã Nghĩa Trụ; Xã Phụng Công; Xã Văn Giang; Xã Mễ Sở; Phường Thái Bình,Địa danh trung tâm; Sông hồ / bờ biển / núi đặc trưng; Khu văn hóa lịch sử; Chợ địa phương; Công viên / thắng cảnh nổi bật,Đặc sản địa phương; Món truyền thống; Hải sản / nông sản đặc trưng; Bánh dân gian; Thức uống địa phương
Tỉnh Ninh Bình,NINH BÌNH,Huyện Gia Viễn; Huyện Nho quan; Huyện Yên Khánh; Huyện Yên Mô; Huyện Kim Sơn; Huyện Bình Lục; Huyện Thanh Liêm; Huyện Lý Nhân; Huyện Nam Trực; Huyện Vụ Bản; Huyện Ý Yên; Huyện Trực Ninh; Huyện Xuân Trường; Huyện Hải Hậu; Huyện Giao Thuỷ; Huyện Nghĩa Hưng; Thành phố Hoa Lư; Thành phố Tam Điệp; Thành phố Phủ Lý; Thị xã Duy Tiên; Thị xã Kim Bảng; Thành phố Nam Định,Xã Gia Viễn; Xã Đại Hoàng; Xã Gia Hưng; Xã Gia Phong; Xã Gia Vân; Xã Gia Trấn; Xã Nho Quan; Xã Gia Lâm; Xã Gia Tường; Xã Phú Sơn; Xã Cúc Phương; Xã Phú Long; Xã Thanh Sơn; Xã Quỳnh Lưu; Xã Yên Khánh; Xã Khánh Nhạc; Xã Khánh Thiện; Xã Khánh Hội; Xã Khánh Trung; Xã Yên Mô; Xã Yên Từ; Xã Yên Mạc; Xã Đồng Thái; Xã Chất Bình; Xã Kim Sơn; Xã Quang Thiện; Xã Phát Diệm; Xã Lai Thành; Xã Định Hóa; Xã Bình Minh; Xã Kim Đông; Xã Bình Lục; Xã Bình Mỹ; Xã Bình An; Xã Bình Giang; Xã Bình Sơn; Xã Liêm Hà; Xã Tân Thanh; Xã Thanh Bình; Xã Thanh Lâm; Xã Thanh Liêm; Xã Lý Nhân; Xã Nam Xang; Xã Bắc Lý; Xã Vĩnh Trụ; Xã Trần Thương; Xã Nhân Hà; Xã Nam Lý; Xã Nam Trực; Xã Nam Minh; Xã Nam Đồng; Xã Nam Ninh; Xã Nam Hồng; Xã Minh Tân; Xã Hiển Khánh; Xã Vụ Bản; Xã Liên Minh; Xã Ý Yên; Xã Yên Đồng; Xã Yên Cường; Xã Vạn Thắng; Xã Vũ Dương; Xã Tân Minh; Xã Phong Doanh; Xã Cổ Lễ; Xã Ninh Giang; Xã Cát Thành; Xã Trực Ninh; Xã Quang Hưng; Xã Minh Thái; Xã Ninh Cường; Xã Xuân Trường; Xã Xuân Hưng; Xã Xuân Giang; Xã Xuân Hồng; Xã Hải Hậu; Xã Hải Anh; Xã Hải Tiến; Xã Hải Hưng; Xã Hải An; Xã Hải Quang; Xã Hải Xuân; Xã Hải Thịnh; Xã Giao Minh; Xã Giao Hoà; Xã Giao Thuỷ; Xã Giao Phúc; Xã Giao Hưng; Xã Giao Bình; Xã Giao Ninh; Xã Đồng Thịnh; Xã Nghĩa Hưng; Xã Nghĩa Sơn; Xã Hồng Phong; Xã Quỹ Nhất; Xã Nghĩa Lâm; Xã Rạng Đông; Phường Tây Hoa Lư; Phường Hoa Lư; Phường Nam Hoa Lư; Phường Đông Hoa Lư; Phường Tam Điệp; Phường Yên Sơn; Phường Trung Sơn; Phường Yên Thắng; Phường Hà Nam; Phường Phủ Lý; Phường Phù Vân; Phường Châu Sơn; Phường Liêm Tuyền; Phường Duy Tiên; Phường Duy Tân; Phường Đồng Văn; Phường Duy Hà; Phường Tiên Sơn; Phường Lê Hồ; Phường Nguyễn Úy; Phường Lý Thường Kiệt; Phường Kim Thanh; Phường Tam Chúc; Phường Kim Bảng; Phường Nam Định; Phường Thiên Trường; Phường Đông A; Phường Vị Khê; Phường Thành Nam; Phường Trường Thi; Phường Hồng Quang; Phường Mỹ Lộc,Xã Gia Viễn; Xã Đại Hoàng; Xã Gia Hưng; Xã Gia Phong; Xã Gia Vân; Xã Gia Trấn; Xã Nho Quan; Xã Gia Lâm; Xã Gia Tường; Xã Phú Sơn; Xã Cúc Phương; Xã Phú Long; Xã Thanh Sơn; Xã Quỳnh Lưu; Xã Yên Khánh; Xã Khánh Nhạc; Xã Khánh Thiện; Xã Khánh Hội; Xã Khánh Trung; Xã Yên Mô; Xã Yên Từ; Xã Yên Mạc; Xã Đồng Thái; Xã Chất Bình; Xã Kim Sơn; Xã Quang Thiện; Xã Phát Diệm; Xã Lai Thành; Xã Định Hóa; Xã Bình Minh; Xã Kim Đông; Xã Bình Lục; Xã Bình Mỹ; Xã Bình An; Xã Bình Giang; Xã Bình Sơn; Xã Liêm Hà; Xã Tân Thanh; Xã Thanh Bình; Xã Thanh Lâm,Địa danh trung tâm; Sông hồ / bờ biển / núi đặc trưng; Khu văn hóa lịch sử; Chợ địa phương; Công viên / thắng cảnh nổi bật,Đặc sản địa phương; Món truyền thống; Hải sản / nông sản đặc trưng; Bánh dân gian; Thức uống địa phương
Tỉnh Cao Bằng,CAO BẰNG,Thành phố Cao Bằng; Huyện Bảo Lâm; Huyện Bảo Lạc; Huyện Nguyên Bình; Huyện Hà Quảng; Huyện Hoà An; Huyện Thạch An; Huyện Quảng Hòa; Huyện Trùng Khánh; Huyện Hạ Lang,Phường Thục Phán; Phường Nùng Trí Cao; Phường Tân Giang; Xã Quảng Lâm; Xã Nam Quang; Xã Lý Bôn; Xã Bảo Lâm; Xã Yên Thổ; Xã Sơn Lộ; Xã Hưng Đạo; Xã Bảo Lạc; Xã Cốc Pàng; Xã Cô Ba; Xã Khánh Xuân; Xã Xuân Trường; Xã Huy Giáp; Xã Ca Thành; Xã Phan Thanh; Xã Thành Công; Xã Tĩnh Túc; Xã Tam Kim; Xã Nguyên Bình; Xã Minh Tâm; Xã Thanh Long; Xã Cần Yên; Xã Thông Nông; Xã Trường Hà; Xã Hà Quảng; Xã Lũng Nặm; Xã Tổng Cọt; Xã Nam Tuấn; Xã Hoà An; Xã Bạch Đằng; Xã Nguyễn Huệ; Xã Minh Khai; Xã Canh Tân; Xã Kim Đồng; Xã Thạch An; Xã Đông Khê; Xã Đức Long; Xã Phục Hoà; Xã Bế Văn Đàn; Xã Độc Lập; Xã Quảng Uyên; Xã Hạnh Phúc; Xã Quang Hán; Xã Trà Lĩnh; Xã Quang Trung; Xã Đoài Dương; Xã Trùng Khánh; Xã Đàm Thuỷ; Xã Đình Phong; Xã Lý Quốc; Xã Hạ Lang; Xã Vinh Quý; Xã Quang Long,Phường Thục Phán; Phường Nùng Trí Cao; Phường Tân Giang; Xã Quảng Lâm; Xã Nam Quang; Xã Lý Bôn; Xã Bảo Lâm; Xã Yên Thổ; Xã Sơn Lộ; Xã Hưng Đạo; Xã Bảo Lạc; Xã Cốc Pàng; Xã Cô Ba; Xã Khánh Xuân; Xã Xuân Trường; Xã Huy Giáp; Xã Ca Thành; Xã Phan Thanh; Xã Thành Công; Xã Tĩnh Túc; Xã Tam Kim; Xã Nguyên Bình; Xã Minh Tâm; Xã Thanh Long; Xã Cần Yên; Xã Thông Nông; Xã Trường Hà; Xã Hà Quảng; Xã Lũng Nặm; Xã Tổng Cọt; Xã Nam Tuấn; Xã Hoà An; Xã Bạch Đằng; Xã Nguyễn Huệ; Xã Minh Khai; Xã Canh Tân; Xã Kim Đồng; Xã Thạch An; Xã Đông Khê; Xã Đức Long,Địa danh trung tâm; Sông hồ / bờ biển / núi đặc trưng; Khu văn hóa lịch sử; Chợ địa phương; Công viên / thắng cảnh nổi bật,Đặc sản địa phương; Món truyền thống; Hải sản / nông sản đặc trưng; Bánh dân gian; Thức uống địa phương
Tỉnh Tuyên Quang,TUYÊN QUANG,Huyện Lâm Bình; Huyện Na Hang; Huyện Chiêm Hoá; Huyện Hàm Yên; Huyện Yên Sơn; Huyện Sơn Dương; Thành phố Tuyên Quang; Huyện Đồng Văn; Huyện Mèo Vạc; Huyện Yên Minh; Huyện Quản Bạ; Huyện Bắc Mê; Thành phố Hà Giang; Huyện Vị Xuyên; Huyện Bắc Quang; Huyện Quang Bình; Huyện Hoàng Su Phì; Huyện Xín Mần,Xã Thượng Lâm; Xã Lâm Bình; Xã Minh Quang; Xã Bình An; Xã Côn Lôn; Xã Yên Hoa; Xã Thượng Nông; Xã Hồng Thái; Xã Nà Hang; Xã Tân Mỹ; Xã Yên Lập; Xã Tân An; Xã Chiêm Hoá; Xã Hoà An; Xã Kiên Đài; Xã Tri Phú; Xã Kim Bình; Xã Yên Nguyên; Xã Trung Hà; Xã Yên Phú; Xã Bạch Xa; Xã Phù Lưu; Xã Hàm Yên; Xã Bình Xa; Xã Thái Sơn; Xã Thái Hoà; Xã Hùng Đức; Xã Hùng Lợi; Xã Trung Sơn; Xã Thái Bình; Xã Tân Long; Xã Xuân Vân; Xã Lực Hành; Xã Yên Sơn; Xã Nhữ Khê; Xã Kiến Thiết; Xã Tân Trào; Xã Minh Thanh; Xã Sơn Dương; Xã Bình Ca; Xã Tân Thanh; Xã Sơn Thuỷ; Xã Phú Lương; Xã Trường Sinh; Xã Hồng Sơn; Xã Đông Thọ; Phường Mỹ Lâm; Phường Minh Xuân; Phường Nông Tiến; Phường An Tường; Phường Bình Thuận; Xã Lũng Cú; Xã Đồng Văn; Xã Sà Phìn; Xã Phố Bảng; Xã Lũng Phìn; Xã Sủng Máng; Xã Sơn Vĩ; Xã Mèo Vạc; Xã Khâu Vai; Xã Niêm Sơn; Xã Tát Ngà; Xã Thắng Mố; Xã Bạch Đích; Xã Yên Minh; Xã Mậu Duệ; Xã Ngọc Long; Xã Du Già; Xã Đường Thượng; Xã Lùng Tám; Xã Cán Tỷ; Xã Nghĩa Thuận; Xã Quản Bạ; Xã Tùng Vài; Xã Yên Cường; Xã Đường Hồng; Xã Bắc Mê; Xã Giáp Trung; Xã Minh Sơn; Xã Minh Ngọc; Xã Ngọc Đường; Phường Hà Giang 1; Phường Hà Giang 2; Xã Lao Chải; Xã Thanh Thuỷ; Xã Minh Tân; Xã Thuận Hoà; Xã Tùng Bá; Xã Phú Linh; Xã Linh Hồ; Xã Bạch Ngọc; Xã Vị Xuyên; Xã Việt Lâm; Xã Cao Bồ; Xã Thượng Sơn; Xã Tân Quang; Xã Đồng Tâm; Xã Liên Hiệp; Xã Bằng Hành; Xã Bắc Quang; Xã Hùng An; Xã Vĩnh Tuy; Xã Đồng Yên; Xã Tiên Yên; Xã Xuân Giang; Xã Bằng Lang; Xã Yên Thành; Xã Quang Bình; Xã Tân Trịnh; Xã Tiên Nguyên; Xã Thông Nguyên; Xã Hồ Thầu; Xã Nậm Dịch; Xã Tân Tiến; Xã Hoàng Su Phì; Xã Thàng Tín; Xã Bản Máy; Xã Pờ Ly Ngài; Xã Xín Mần; Xã Pà Vầy Sủ; Xã Nấm Dẩn; Xã Trung Thịnh; Xã Quảng Nguyên; Xã Khuôn Lùng,Xã Thượng Lâm; Xã Lâm Bình; Xã Minh Quang; Xã Bình An; Xã Côn Lôn; Xã Yên Hoa; Xã Thượng Nông; Xã Hồng Thái; Xã Nà Hang; Xã Tân Mỹ; Xã Yên Lập; Xã Tân An; Xã Chiêm Hoá; Xã Hoà An; Xã Kiên Đài; Xã Tri Phú; Xã Kim Bình; Xã Yên Nguyên; Xã Trung Hà; Xã Yên Phú; Xã Bạch Xa; Xã Phù Lưu; Xã Hàm Yên; Xã Bình Xa; Xã Thái Sơn; Xã Thái Hoà; Xã Hùng Đức; Xã Hùng Lợi; Xã Trung Sơn; Xã Thái Bình; Xã Tân Long; Xã Xuân Vân; Xã Lực Hành; Xã Yên Sơn; Xã Nhữ Khê; Xã Kiến Thiết; Xã Tân Trào; Xã Minh Thanh; Xã Sơn Dương; Xã Bình Ca,Địa danh trung tâm; Sông hồ / bờ biển / núi đặc trưng; Khu văn hóa lịch sử; Chợ địa phương; Công viên / thắng cảnh nổi bật,Đặc sản địa phương; Món truyền thống; Hải sản / nông sản đặc trưng; Bánh dân gian; Thức uống địa phương
Tỉnh Lào Cai,LÀO CAI,Huyện Mù Cang Chải; Huyện Văn Chấn; Huyện Trạm Tấu; Thị xã Nghĩa Lộ; Huyện Văn Yên; Huyện Lục Yên; Huyện Yên Bình; Thành phố Yên Bái; Huyện Trấn Yên; Huyện Bảo Thắng; Thành phố Lào Cai; Huyện Bát Xát; Huyện Bảo Yên; Huyện Văn Bàn; Thị xã Sa Pa; Huyện Bắc Hà; Huyện Mường Khương; Huyện Si Ma Cai,Xã Khao Mang; Xã Mù Cang Chải; Xã Púng Luông; Xã Tú Lệ; Xã Trạm Tấu; Xã Hạnh Phúc; Xã Phình Hồ; Phường Nghĩa Lộ; Phường Trung Tâm; Phường Cầu Thia; Xã Liên Sơn; Xã Gia Hội; Xã Sơn Lương; Xã Thượng Bằng La; Xã Chấn Thịnh; Xã Nghĩa Tâm; Xã Văn Chấn; Xã Phong Dụ Hạ; Xã Châu Quế; Xã Lâm Giang; Xã Đông Cuông; Xã Tân Hợp; Xã Mậu A; Xã Xuân Ái; Xã Mỏ Vàng; Xã Lâm Thượng; Xã Lục Yên; Xã Tân Lĩnh; Xã Khánh Hoà; Xã Phúc Lợi; Xã Mường Lai; Xã Cảm Nhân; Xã Yên Thành; Xã Thác Bà; Xã Yên Bình; Xã Bảo Ái; Phường Văn Phú; Phường Yên Bái; Phường Nam Cường; Phường Âu Lâu; Xã Trấn Yên; Xã Hưng Khánh; Xã Lương Thịnh; Xã Việt Hồng; Xã Quy Mông; Xã Phong Hải; Xã Xuân Quang; Xã Bảo Thắng; Xã Tằng Lỏong; Xã Gia Phú; Xã Cốc San; Xã Hợp Thành; Phường Cam Đường; Phường Lào Cai; Xã Mường Hum; Xã Dền Sáng; Xã Y Tý; Xã A Mú Sung; Xã Trịnh Tường; Xã Bản Xèo; Xã Bát Xát; Xã Nghĩa Đô; Xã Thượng Hà; Xã Bảo Yên; Xã Xuân Hoà; Xã Phúc Khánh; Xã Bảo Hà; Xã Võ Lao; Xã Khánh Yên; Xã Văn Bàn; Xã Dương Quỳ; Xã Chiềng Ken; Xã Minh Lương; Xã Nậm Chày; Xã Mường Bo; Xã Bản Hồ; Xã Tả Phìn; Xã Tả Van; Phường Sa Pa; Xã Cốc Lầu; Xã Bảo Nhai; Xã Bản Liền; Xã Bắc Hà; Xã Tả Củ Tỷ; Xã Lùng Phình; Xã Pha Long; Xã Mường Khương; Xã Bản Lầu; Xã Cao Sơn; Xã Si Ma Cai; Xã Sín Chéng; Xã Lao Chải; Xã Chế Tạo; Xã Nậm Có; Xã Tà Xi Láng; Xã Phong Dụ Thượng; Xã Cát Thịnh; Xã Nậm Xé; Xã Ngũ Chỉ Sơn,Xã Khao Mang; Xã Mù Cang Chải; Xã Púng Luông; Xã Tú Lệ; Xã Trạm Tấu; Xã Hạnh Phúc; Xã Phình Hồ; Phường Nghĩa Lộ; Phường Trung Tâm; Phường Cầu Thia; Xã Liên Sơn; Xã Gia Hội; Xã Sơn Lương; Xã Thượng Bằng La; Xã Chấn Thịnh; Xã Nghĩa Tâm; Xã Văn Chấn; Xã Phong Dụ Hạ; Xã Châu Quế; Xã Lâm Giang; Xã Đông Cuông; Xã Tân Hợp; Xã Mậu A; Xã Xuân Ái; Xã Mỏ Vàng; Xã Lâm Thượng; Xã Lục Yên; Xã Tân Lĩnh; Xã Khánh Hoà; Xã Phúc Lợi; Xã Mường Lai; Xã Cảm Nhân; Xã Yên Thành; Xã Thác Bà; Xã Yên Bình; Xã Bảo Ái; Phường Văn Phú; Phường Yên Bái; Phường Nam Cường; Phường Âu Lâu,Địa danh trung tâm; Sông hồ / bờ biển / núi đặc trưng; Khu văn hóa lịch sử; Chợ địa phương; Công viên / thắng cảnh nổi bật,Đặc sản địa phương; Món truyền thống; Hải sản / nông sản đặc trưng; Bánh dân gian; Thức uống địa phương
Tỉnh Thái Nguyên,THÁI NGUYÊN,Thành phố Thái Nguyên; Huyện Đại Từ; Thành phố Phổ Yên; Huyện Phú Bình; Huyện Đồng Hỷ; Thành phố Sông Công; Huyện Phú Lương; Huyện Định Hoá; Huyện Võ Nhai; Huyện Pác Nặm; Huyện Ba Bể; Huyện Chợ Mới; Huyện Ngân Sơn; Huyện Chợ Đồn; Huyện Bạch Thông; Thành phố Bắc Kạn; Huyện Na Rì,Phường Phan Đình Phùng; Phường Linh Sơn; Phường Tích Lương; Phường Gia Sàng; Phường Quyết Thắng; Phường Quan Triều; Xã Tân Cương; Xã Đại Phúc; Xã Đại Từ; Xã Đức Lương; Xã Phú Thịnh; Xã La Bằng; Xã Phú Lạc; Xã An Khánh; Xã Quân Chu; Xã Vạn Phú; Xã Phú Xuyên; Phường Phổ Yên; Phường Vạn Xuân; Phường Trung Thành; Phường Phúc Thuận; Xã Thành Công; Xã Phú Bình; Xã Tân Thành; Xã Điềm Thụy; Xã Kha Sơn; Xã Tân Khánh; Xã Đồng Hỷ; Xã Quang Sơn; Xã Trại Cau; Xã Nam Hoà; Xã Văn Hán; Xã Văn Lăng; Phường Sông Công; Phường Bá Xuyên; Phường Bách Quang; Xã Phú Lương; Xã Vô Tranh; Xã Yên Trạch; Xã Hợp Thành; Xã Định Hóa; Xã Bình Yên; Xã Trung Hội; Xã Phượng Tiến; Xã Phú Đình; Xã Bình Thành; Xã Kim Phượng; Xã Lam Vỹ; Xã Võ Nhai; Xã Dân Tiến; Xã Nghinh Tường; Xã Thần Sa; Xã La Hiên; Xã Tràng Xá; Xã Bằng Thành; Xã Nghiên Loan; Xã Cao Minh; Xã Ba Bể; Xã Chợ Rã; Xã Phúc Lộc; Xã Thượng Minh; Xã Đồng Phúc; Xã Yên Bình; Xã Bằng Vân; Xã Ngân Sơn; Xã Nà Phặc; Xã Hiệp Lực; Xã Nam Cường; Xã Quảng Bạch; Xã Yên Thịnh; Xã Chợ Đồn; Xã Yên Phong; Xã Nghĩa Tá; Xã Phủ Thông; Xã Cẩm Giàng; Xã Vĩnh Thông; Xã Bạch Thông; Xã Phong Quang; Phường Đức Xuân; Phường Bắc Kạn; Xã Văn Lang; Xã Cường Lợi; Xã Na Rì; Xã Trần Phú; Xã Côn Minh; Xã Xuân Dương; Xã Tân Kỳ; Xã Thanh Mai; Xã Thanh Thịnh; Xã Chợ Mới; Xã Sảng Mộc; Xã Thượng Quan,Phường Phan Đình Phùng; Phường Linh Sơn; Phường Tích Lương; Phường Gia Sàng; Phường Quyết Thắng; Phường Quan Triều; Xã Tân Cương; Xã Đại Phúc; Xã Đại Từ; Xã Đức Lương; Xã Phú Thịnh; Xã La Bằng; Xã Phú Lạc; Xã An Khánh; Xã Quân Chu; Xã Vạn Phú; Xã Phú Xuyên; Phường Phổ Yên; Phường Vạn Xuân; Phường Trung Thành; Phường Phúc Thuận; Xã Thành Công; Xã Phú Bình; Xã Tân Thành; Xã Điềm Thụy; Xã Kha Sơn; Xã Tân Khánh; Xã Đồng Hỷ; Xã Quang Sơn; Xã Trại Cau; Xã Nam Hoà; Xã Văn Hán; Xã Văn Lăng; Phường Sông Công; Phường Bá Xuyên; Phường Bách Quang; Xã Phú Lương; Xã Vô Tranh; Xã Yên Trạch; Xã Hợp Thành,Địa danh trung tâm; Sông hồ / bờ biển / núi đặc trưng; Khu văn hóa lịch sử; Chợ địa phương; Công viên / thắng cảnh nổi bật,Đặc sản địa phương; Món truyền thống; Hải sản / nông sản đặc trưng; Bánh dân gian; Thức uống địa phương
Tỉnh Lạng Sơn,LẠNG SƠN,Huyện Tràng Định; Huyện Bình Gia; Huyện Bắc Sơn; Huyện Văn Quan; Huyện Cao Lộc; Huyện Văn Lãng; Huyện Lộc Bình; Huyện Đình Lập; Huyện Hữu Lũng; Huyện Chi Lăng; Thành phố Lạng Sơn,Xã Thất Khê; Xã Đoàn Kết; Xã Tân Tiến; Xã Tràng Định; Xã Quốc Khánh; Xã Kháng Chiến; Xã Quốc Việt; Xã Bình Gia; Xã Tân Văn; Xã Hồng Phong; Xã Hoa Thám; Xã Quý Hoà; Xã Thiện Hoà; Xã Thiện Thuật; Xã Thiện Long; Xã Bắc Sơn; Xã Hưng Vũ; Xã Vũ Lăng; Xã Nhất Hoà; Xã Vũ Lễ; Xã Tân Tri; Xã Văn Quan; Xã Điềm He; Xã Tri Lễ; Xã Yên Phúc; Xã Tân Đoàn; Xã Khánh Khê; Xã Na Sầm; Xã Văn Lãng; Xã Hội Hoan; Xã Thụy Hùng; Xã Hoàng Văn Thụ; Xã Lộc Bình; Xã Mẫu Sơn; Xã Na Dương; Xã Lợi Bác; Xã Thống Nhất; Xã Xuân Dương; Xã Khuất Xá; Xã Đình Lập; Xã Châu Sơn; Xã Kiên Mộc; Xã Thái Bình; Xã Hữu Lũng; Xã Tuấn Sơn; Xã Tân Thành; Xã Vân Nham; Xã Thiện Tân; Xã Yên Bình; Xã Hữu Liên; Xã Cai Kinh; Xã Chi Lăng; Xã Nhân Lý; Xã Chiến Thắng; Xã Quan Sơn; Xã Bằng Mạc; Xã Vạn Linh; Xã Đồng Đăng; Xã Cao Lộc; Xã Công Sơn; Xã Ba Sơn; Phường Tam Thanh; Phường Lương Văn Tri; Phường Kỳ Lừa; Phường Đông Kinh,Xã Thất Khê; Xã Đoàn Kết; Xã Tân Tiến; Xã Tràng Định; Xã Quốc Khánh; Xã Kháng Chiến; Xã Quốc Việt; Xã Bình Gia; Xã Tân Văn; Xã Hồng Phong; Xã Hoa Thám; Xã Quý Hoà; Xã Thiện Hoà; Xã Thiện Thuật; Xã Thiện Long; Xã Bắc Sơn; Xã Hưng Vũ; Xã Vũ Lăng; Xã Nhất Hoà; Xã Vũ Lễ; Xã Tân Tri; Xã Văn Quan; Xã Điềm He; Xã Tri Lễ; Xã Yên Phúc; Xã Tân Đoàn; Xã Khánh Khê; Xã Na Sầm; Xã Văn Lãng; Xã Hội Hoan; Xã Thụy Hùng; Xã Hoàng Văn Thụ; Xã Lộc Bình; Xã Mẫu Sơn; Xã Na Dương; Xã Lợi Bác; Xã Thống Nhất; Xã Xuân Dương; Xã Khuất Xá; Xã Đình Lập,Địa danh trung tâm; Sông hồ / bờ biển / núi đặc trưng; Khu văn hóa lịch sử; Chợ địa phương; Công viên / thắng cảnh nổi bật,Đặc sản địa phương; Món truyền thống; Hải sản / nông sản đặc trưng; Bánh dân gian; Thức uống địa phương
Tỉnh Phú Thọ,PHÚ THỌ,Thành phố Việt Trì; Huyện Lâm Thao; Thị xã Phú Thọ; Huyện Phù Ninh; Huyện Thanh Ba; Huyện Đoan Hùng; Huyện Hạ Hoà; Huyện Cẩm Khê; Huyện Tam Nông; Huyện Thanh Thuỷ; Huyện Thanh Sơn; Huyện Tân Sơn; Huyện Yên Lập; Huyện Sông Lô; Huyện Lập Thạch; Huyện Tam Đảo; Huyện Tam Dương; Huyện Vĩnh Tường; Huyện Yên Lạc; Huyện Bình Xuyên; Thành phố Vĩnh Yên; Thành phố Phúc Yên; Huyện Cao Phong; Huyện Đà Bắc; Huyện Kim Bôi; Huyện Lạc Sơn; Huyện Lạc Thuỷ; Huyện Lương Sơn; Huyện Mai Châu; Huyện Tân Lạc; Huyện Yên Thuỷ; Thành phố Hoà Bình,Phường Việt Trì; Phường Nông Trang; Phường Thanh Miếu; Phường Vân Phú; Xã Hy Cương; Xã Lâm Thao; Xã Xuân Lũng; Xã Phùng Nguyên; Xã Bản Nguyên; Phường Phong Châu; Phường Phú Thọ; Phường Âu Cơ; Xã Phù Ninh; Xã Dân Chủ; Xã Phú Mỹ; Xã Trạm Thản; Xã Bình Phú; Xã Thanh Ba; Xã Quảng Yên; Xã Hoàng Cương; Xã Đông Thành; Xã Chí Tiên; Xã Liên Minh; Xã Đoan Hùng; Xã Tây Cốc; Xã Chân Mộng; Xã Chí Đám; Xã Bằng Luân; Xã Hạ Hòa; Xã Đan Thượng; Xã Yên Kỳ; Xã Vĩnh Chân; Xã Văn Lang; Xã Hiền Lương; Xã Cẩm Khê; Xã Phú Khê; Xã Hùng Việt; Xã Đồng Lương; Xã Tiên Lương; Xã Vân Bán; Xã Tam Nông; Xã Thọ Văn; Xã Vạn Xuân; Xã Hiền Quan; Xã Thanh Thuỷ; Xã Đào Xá; Xã Tu Vũ; Xã Thanh Sơn; Xã Võ Miếu; Xã Văn Miếu; Xã Cự Đồng; Xã Hương Cần; Xã Yên Sơn; Xã Khả Cửu; Xã Tân Sơn; Xã Minh Đài; Xã Lai Đồng; Xã Thu Cúc; Xã Xuân Đài; Xã Long Cốc; Xã Yên Lập; Xã Thượng Long; Xã Sơn Lương; Xã Xuân Viên; Xã Minh Hòa; Xã Trung Sơn; Xã Tam Sơn; Xã Sông Lô; Xã Hải Lựu; Xã Yên Lãng; Xã Lập Thạch; Xã Tiên Lữ; Xã Thái Hòa; Xã Liên Hòa; Xã Hợp Lý; Xã Sơn Đông; Xã Tam Đảo; Xã Đại Đình; Xã Đạo Trù; Xã Tam Dương; Xã Hội Thịnh; Xã Hoàng An; Xã Tam Dương Bắc; Xã Vĩnh Tường; Xã Thổ Tang; Xã Vĩnh Hưng; Xã Vĩnh An; Xã Vĩnh Phú; Xã Vĩnh Thành; Xã Yên Lạc; Xã Tề Lỗ; Xã Liên Châu; Xã Tam Hồng; Xã Nguyệt Đức; Xã Bình Nguyên; Xã Xuân Lãng; Xã Bình Xuyên; Xã Bình Tuyền; Phường Vĩnh Phúc; Phường Vĩnh Yên; Phường Phúc Yên; Phường Xuân Hòa; Xã Cao Phong; Xã Mường Thàng; Xã Thung Nai; Xã Đà Bắc; Xã Cao Sơn; Xã Đức Nhàn; Xã Quy Đức; Xã Tân Pheo; Xã Tiền Phong; Xã Kim Bôi; Xã Mường Động; Xã Dũng Tiến; Xã Hợp Kim; Xã Nật Sơn; Xã Lạc Sơn; Xã Mường Vang; Xã Đại Đồng; Xã Ngọc Sơn; Xã Nhân Nghĩa; Xã Quyết Thắng; Xã Thượng Cốc; Xã Yên Phú; Xã Lạc Thủy; Xã An Bình; Xã An Nghĩa; Xã Lương Sơn; Xã Cao Dương; Xã Liên Sơn; Xã Mai Châu; Xã Bao La; Xã Mai Hạ; Xã Pà Cò; Xã Tân Mai; Xã Tân Lạc; Xã Mường Bi; Xã Mường Hoa; Xã Toàn Thắng; Xã Vân Sơn; Xã Yên Thủy; Xã Lạc Lương; Xã Yên Trị; Xã Thịnh Minh; Phường Hoà Bình; Phường Kỳ Sơn; Phường Tân Hoà; Phường Thống Nhất,Phường Việt Trì; Phường Nông Trang; Phường Thanh Miếu; Phường Vân Phú; Xã Hy Cương; Xã Lâm Thao; Xã Xuân Lũng; Xã Phùng Nguyên; Xã Bản Nguyên; Phường Phong Châu; Phường Phú Thọ; Phường Âu Cơ; Xã Phù Ninh; Xã Dân Chủ; Xã Phú Mỹ; Xã Trạm Thản; Xã Bình Phú; Xã Thanh Ba; Xã Quảng Yên; Xã Hoàng Cương; Xã Đông Thành; Xã Chí Tiên; Xã Liên Minh; Xã Đoan Hùng; Xã Tây Cốc; Xã Chân Mộng; Xã Chí Đám; Xã Bằng Luân; Xã Hạ Hòa; Xã Đan Thượng; Xã Yên Kỳ; Xã Vĩnh Chân; Xã Văn Lang; Xã Hiền Lương; Xã Cẩm Khê; Xã Phú Khê; Xã Hùng Việt; Xã Đồng Lương; Xã Tiên Lương; Xã Vân Bán,Địa danh trung tâm; Sông hồ / bờ biển / núi đặc trưng; Khu văn hóa lịch sử; Chợ địa phương; Công viên / thắng cảnh nổi bật,Đặc sản địa phương; Món truyền thống; Hải sản / nông sản đặc trưng; Bánh dân gian; Thức uống địa phương
Tỉnh Điện Biên,ĐIỆN BIÊN,TP.Điện Biên Phủ; Thị xã Mường Lay; Huyện Điện Biên; Huyện Tuần Giáo; Huyện Tủa Chùa; Huyện Mường Chà; Huyện Điện Biên Đông; Huyện Nậm Pồ; Huyện Mường Nhé; Huyện Mường Ảng,Xã Mường Phăng; Phường Điện Biên Phủ; Phường Mường Thanh; Phường Mường Lay; Xã Thanh Nưa; Xã Thanh An; Xã Thanh Yên; Xã Sam Mứn; Xã Núa Ngam; Xã Mường Nhà; Xã Tuần Giáo; Xã Quài Tở; Xã Mường Mùn; Xã Pú Nhung; Xã Chiềng Sinh; Xã Tủa Chùa; Xã Sín Chải; Xã Sính Phình; Xã Tủa Thàng; Xã Sáng Nhè; Xã Na Sang; Xã Mường Tùng; Xã Pa Ham; Xã Nậm Nèn; Xã Mường Pồn; Xã Na Son; Xã Xa Dung; Xã Pu Nhi; Xã Mường Luân; Xã Tìa Dình; Xã Phình Giàng; Xã Mường Chà; Xã Nà Hỳ; Xã Nà Bủng; Xã Chà Tở; Xã Si Pa Phìn; Xã Mường Nhé; Xã Sín Thầu; Xã Mường Toong; Xã Nậm Kè; Xã Quảng Lâm; Xã Mường Ảng; Xã Nà Tấu; Xã Búng Lao; Xã Mường Lạn,Xã Mường Phăng; Phường Điện Biên Phủ; Phường Mường Thanh; Phường Mường Lay; Xã Thanh Nưa; Xã Thanh An; Xã Thanh Yên; Xã Sam Mứn; Xã Núa Ngam; Xã Mường Nhà; Xã Tuần Giáo; Xã Quài Tở; Xã Mường Mùn; Xã Pú Nhung; Xã Chiềng Sinh; Xã Tủa Chùa; Xã Sín Chải; Xã Sính Phình; Xã Tủa Thàng; Xã Sáng Nhè; Xã Na Sang; Xã Mường Tùng; Xã Pa Ham; Xã Nậm Nèn; Xã Mường Pồn; Xã Na Son; Xã Xa Dung; Xã Pu Nhi; Xã Mường Luân; Xã Tìa Dình; Xã Phình Giàng; Xã Mường Chà; Xã Nà Hỳ; Xã Nà Bủng; Xã Chà Tở; Xã Si Pa Phìn; Xã Mường Nhé; Xã Sín Thầu; Xã Mường Toong; Xã Nậm Kè,Địa danh trung tâm; Sông hồ / bờ biển / núi đặc trưng; Khu văn hóa lịch sử; Chợ địa phương; Công viên / thắng cảnh nổi bật,Đặc sản địa phương; Món truyền thống; Hải sản / nông sản đặc trưng; Bánh dân gian; Thức uống địa phương
Tỉnh Lai Châu,LAI CHÂU,Huyện Than Uyên; Huyện Tân Uyên; Huyện Tam Đường; Thành phố Lai Châu; Huyện Phong Thổ; Huyện Sìn Hồ; Huyện Nậm Nhùn; Huyện Mường Tè,Xã Mường Kim; Xã Khoen On; Xã Than Uyên; Xã Mường Than; Xã Pắc Ta; Xã Nậm Sỏ; Xã Tân Uyên; Xã Mường Khoa; Xã Bản Bo; Xã Bình Lư; Xã Tả Lèng; Xã Khun Há; Phường Tân Phong; Phường Đoàn Kết; Xã Sin Suối Hồ; Xã Phong Thổ; Xã Sì Lở Lầu; Xã Dào San; Xã Khổng Lào; Xã Tủa Sín Chải; Xã Sìn Hồ; Xã Hồng Thu; Xã Nậm Tăm; Xã Pu Sam Cáp; Xã Nậm Cuổi; Xã Nậm Mạ; Xã Lê Lợi; Xã Nậm Hàng; Xã Mường Mô; Xã Hua Bum; Xã Pa Tần; Xã Bum Nưa; Xã Bum Tở; Xã Mường Tè; Xã Thu Lũm; Xã Pa Ủ; Xã Tà Tổng; Xã Mù Cả,Xã Mường Kim; Xã Khoen On; Xã Than Uyên; Xã Mường Than; Xã Pắc Ta; Xã Nậm Sỏ; Xã Tân Uyên; Xã Mường Khoa; Xã Bản Bo; Xã Bình Lư; Xã Tả Lèng; Xã Khun Há; Phường Tân Phong; Phường Đoàn Kết; Xã Sin Suối Hồ; Xã Phong Thổ; Xã Sì Lở Lầu; Xã Dào San; Xã Khổng Lào; Xã Tủa Sín Chải; Xã Sìn Hồ; Xã Hồng Thu; Xã Nậm Tăm; Xã Pu Sam Cáp; Xã Nậm Cuổi; Xã Nậm Mạ; Xã Lê Lợi; Xã Nậm Hàng; Xã Mường Mô; Xã Hua Bum; Xã Pa Tần; Xã Bum Nưa; Xã Bum Tở; Xã Mường Tè; Xã Thu Lũm; Xã Pa Ủ; Xã Tà Tổng; Xã Mù Cả,Địa danh trung tâm; Sông hồ / bờ biển / núi đặc trưng; Khu văn hóa lịch sử; Chợ địa phương; Công viên / thắng cảnh nổi bật,Đặc sản địa phương; Món truyền thống; Hải sản / nông sản đặc trưng; Bánh dân gian; Thức uống địa phương
Tỉnh Sơn La,SƠN LA,Thành phố Sơn La; Thị xã Mộc Châu; Huyện Vân Hồ; Huyện Quỳnh Nhai; Huyện Thuận Châu; Huyện Mường La; Huyện Bắc Yên; Huyện Phù Yên; Huyện Yên Châu; Huyện Mai Sơn; Huyện Sông Mã; Huyện Sốp Cộp,Phường Tô Hiệu; Phường Chiềng An; Phường Chiềng Cơi; Phường Chiềng Sinh; Phường Mộc Châu; Phường Mộc Sơn; Phường Vân Sơn; Phường Thảo Nguyên; Xã Đoàn Kết; Xã Lóng Sập; Xã Chiềng Sơn; Xã Vân Hồ; Xã Song Khủa; Xã Tô Múa; Xã Xuân Nha; Xã Quỳnh Nhai; Xã Mường Chiên; Xã Mường Giôn; Xã Mường Sại; Xã Thuận Châu; Xã Chiềng La; Xã Nậm Lầu; Xã Muổi Nọi; Xã Mường Khiêng; Xã Co Mạ; Xã Bình Thuận; Xã Mường É; Xã Long Hẹ; Xã Mường La; Xã Chiềng Lao; Xã Mường Bú; Xã Chiềng Hoa; Xã Bắc Yên; Xã Tà Xùa; Xã Tạ Khoa; Xã Xím Vàng; Xã Pắc Ngà; Xã Chiềng Sại; Xã Phù Yên; Xã Gia Phù; Xã Tường Hạ; Xã Mường Cơi; Xã Mường Bang; Xã Tân Phong; Xã Kim Bon; Xã Yên Châu; Xã Chiềng Hặc; Xã Lóng Phiêng; Xã Yên Sơn; Xã Chiềng Mai; Xã Mai Sơn; Xã Phiêng Pằn; Xã Chiềng Mung; Xã Phiêng Cằm; Xã Mường Chanh; Xã Tà Hộc; Xã Chiềng Sung; Xã Bó Sinh; Xã Chiềng Khương; Xã Mường Hung; Xã Chiềng Khoong; Xã Mường Lầm; Xã Nậm Ty; Xã Sông Mã; Xã Huổi Một; Xã Chiềng Sơ; Xã Sốp Cộp; Xã Púng Bánh; Xã Tân Yên; Xã Mường Bám; Xã Ngọc Chiến; Xã Suối Tọ; Xã Phiêng Khoài; Xã Mường Lạn; Xã Mường Lèo,Phường Tô Hiệu; Phường Chiềng An; Phường Chiềng Cơi; Phường Chiềng Sinh; Phường Mộc Châu; Phường Mộc Sơn; Phường Vân Sơn; Phường Thảo Nguyên; Xã Đoàn Kết; Xã Lóng Sập; Xã Chiềng Sơn; Xã Vân Hồ; Xã Song Khủa; Xã Tô Múa; Xã Xuân Nha; Xã Quỳnh Nhai; Xã Mường Chiên; Xã Mường Giôn; Xã Mường Sại; Xã Thuận Châu; Xã Chiềng La; Xã Nậm Lầu; Xã Muổi Nọi; Xã Mường Khiêng; Xã Co Mạ; Xã Bình Thuận; Xã Mường É; Xã Long Hẹ; Xã Mường La; Xã Chiềng Lao; Xã Mường Bú; Xã Chiềng Hoa; Xã Bắc Yên; Xã Tà Xùa; Xã Tạ Khoa; Xã Xím Vàng; Xã Pắc Ngà; Xã Chiềng Sại; Xã Phù Yên; Xã Gia Phù,Địa danh trung tâm; Sông hồ / bờ biển / núi đặc trưng; Khu văn hóa lịch sử; Chợ địa phương; Công viên / thắng cảnh nổi bật,Đặc sản địa phương; Món truyền thống; Hải sản / nông sản đặc trưng; Bánh dân gian; Thức uống địa phương
Tỉnh Thanh Hóa,THANH HÓA,Thành phố Thanh Hoá; Thành Phố Sầm Sơn; Thị xã Bỉm Sơn; Thị xã Nghi Sơn; Huyện Hà Trung; Huyện Hậu Lộc; Huyện Nga Sơn; Huyện Hoằng Hoá; Huyện Quảng Xương; Huyện Nông Cống; Huyện Thiệu Hoá; Huyện Yên Định; Huyện Thọ Xuân; Huyện Vĩnh Lộc; Huyện Triệu Sơn; Huyện Mường Lát; Huyện Quan Hoá; Huyện Quan Sơn; Huyện Lang Chánh; Huyện Bá Thước; Huyện Ngọc Lặc; Huyện Cẩm Thuỷ; Huyện Thạch Thành; Huyện Như Xuân; Huyện Như Thanh; Huyện Thường Xuân,Phường Hạc Thành; Phường Quảng Phú; Phường Đông Quang; Phường Đông Sơn; Phường Đông Tiến; Phường Hàm Rồng; Phường Nguyệt Viên; Phường Sầm Sơn; Phường Nam Sầm Sơn; Phường Bỉm Sơn; Phường Quang Trung; Phường Ngọc Sơn; Phường Tân Dân; Phường Hải Lĩnh; Phường Tĩnh Gia; Phường Đào Duy Tư; Phường Hải Bình; Phường Trúc Lâm; Phường Nghi Sơn; Xã Các Sơn; Xã Trường Lâm; Xã Hà Trung; Xã Tống Sơn; Xã Hà Long; Xã Hoạt Giang; Xã Lĩnh Toại; Xã Triệu Lộc; Xã Đông Thành; Xã Hậu Lộc; Xã Hoa Lộc; Xã Vạn Lộc; Xã Nga Sơn; Xã Nga Thắng; Xã Hồ Vương; Xã Tân Tiến; Xã Nga An; Xã Ba Đình; Xã Hoằng Hóa; Xã Hoằng Tiến; Xã Hoằng Thanh; Xã Hoằng Lộc; Xã Hoằng Châu; Xã Hoằng Sơn; Xã Hoằng Phú; Xã Hoằng Giang; Xã Lưu Vệ; Xã Quảng Yên; Xã Quảng Ngọc; Xã Quảng Ninh; Xã Quảng Bình; Xã Tiên Trang; Xã Quảng Chính; Xã Nông Cống; Xã Thắng Lợi; Xã Trung Chính; Xã Trường Văn; Xã Thăng Bình; Xã Tượng Lĩnh; Xã Công Chính; Xã Thiệu Hóa; Xã Thiệu Quang; Xã Thiệu Tiến; Xã Thiệu Toán; Xã Thiệu Trung; Xã Yên Định; Xã Yên Trường; Xã Yên Phú; Xã Quý Lộc; Xã Yên Ninh; Xã Định Tân; Xã Định Hoà; Xã Thọ Xuân; Xã Thọ Long; Xã Xuân Hoà; Xã Sao Vàng; Xã Lam Sơn; Xã Thọ Lập; Xã Xuân Tín; Xã Xuân Lập; Xã Vĩnh Lộc; Xã Tây Đô; Xã Biện Thượng; Xã Triệu Sơn; Xã Thọ Bình; Xã Thọ Ngọc; Xã Thọ Phú; Xã Hợp Tiến; Xã An Nông; Xã Tân Ninh; Xã Đồng Tiến; Xã Mường Chanh; Xã Quang Chiểu; Xã Tam chung; Xã Mường Lát; Xã Pù Nhi; Xã Nhi Sơn; Xã Mường Lý; Xã Trung Lý; Xã Hồi Xuân; Xã Nam Xuân; Xã Thiên Phủ; Xã Hiền Kiệt; Xã Phú Xuân; Xã Phú Lệ; Xã Trung Thành; Xã Trung Sơn; Xã Na Mèo; Xã Sơn Thủy; Xã Sơn Điện; Xã Mường Mìn; Xã Tam Thanh; Xã Tam Lư; Xã Quan Sơn; Xã Trung Hạ; Xã Linh Sơn; Xã Đồng Lương; Xã Văn Phú; Xã Giao An; Xã Yên Khương; Xã Yên Thắng; Xã Văn Nho; Xã Thiết Ống; Xã Bá Thước; Xã Cổ Lũng; Xã Pù Luông; Xã Điền Lư; Xã Điền Quang; Xã Quý Lương; Xã Ngọc Lặc; Xã Thạch Lập; Xã Ngọc Liên; Xã Minh Sơn; Xã Nguyệt Ấn; Xã Kiên Thọ; Xã Cẩm Thạch; Xã Cẩm Thủy; Xã Cẩm Tú; Xã Cẩm Vân; Xã Cẩm Tân; Xã Kim Tân; Xã Vân Du; Xã Ngọc Trạo; Xã Thạch Bình; Xã Thành Vinh; Xã Thạch Quảng; Xã Như Xuân; Xã Thượng Ninh; Xã Xuân Bình; Xã Hóa Quỳ; Xã Thanh Quân; Xã Thanh Phong; Xã Xuân Du; Xã Mậu Lâm; Xã Như Thanh; Xã Yên Thọ; Xã Xuân Thái; Xã Thanh Kỳ; Xã Bát Mọt; Xã Yên Nhân; Xã Lương Sơn; Xã Thường Xuân; Xã Luận Thành; Xã Tân Thành; Xã Vạn Xuân; Xã Thắng Lộc; Xã Xuân Chinh,Phường Hạc Thành; Phường Quảng Phú; Phường Đông Quang; Phường Đông Sơn; Phường Đông Tiến; Phường Hàm Rồng; Phường Nguyệt Viên; Phường Sầm Sơn; Phường Nam Sầm Sơn; Phường Bỉm Sơn; Phường Quang Trung; Phường Ngọc Sơn; Phường Tân Dân; Phường Hải Lĩnh; Phường Tĩnh Gia; Phường Đào Duy Tư; Phường Hải Bình; Phường Trúc Lâm; Phường Nghi Sơn; Xã Các Sơn; Xã Trường Lâm; Xã Hà Trung; Xã Tống Sơn; Xã Hà Long; Xã Hoạt Giang; Xã Lĩnh Toại; Xã Triệu Lộc; Xã Đông Thành; Xã Hậu Lộc; Xã Hoa Lộc; Xã Vạn Lộc; Xã Nga Sơn; Xã Nga Thắng; Xã Hồ Vương; Xã Tân Tiến; Xã Nga An; Xã Ba Đình; Xã Hoằng Hóa; Xã Hoằng Tiến; Xã Hoằng Thanh,Địa danh trung tâm; Sông hồ / bờ biển / núi đặc trưng; Khu văn hóa lịch sử; Chợ địa phương; Công viên / thắng cảnh nổi bật,Đặc sản địa phương; Món truyền thống; Hải sản / nông sản đặc trưng; Bánh dân gian; Thức uống địa phương
Tỉnh Nghệ An,NGHỆ AN,Huyện Anh Sơn; Huyện Con Cuông; Huyện Diễn Châu; Huyện Đô Lương; Thị xã Hoàng Mai; Huyện Hưng Nguyên; Huyện Kỳ Sơn; Huyện Nam Đàn; Huyện Nghĩa Đàn; Huyện Nghi Lộc; Huyện Quế Phong; Huyện Quỳ Châu; Huyện Quỳ Hợp; Huyện Quỳnh Lưu; Huyện Tân Kỳ; Thị xã Thái Hoà; Huyện Thanh Chương; Huyện Tương Dương; Thành phố Vinh; Huyện Yên Thành,Xã Anh Sơn; Xã Yên Xuân; Xã Nhân Hoà; Xã Anh Sơn Đông; Xã Vĩnh Tường; Xã Thành Bình Thọ; Xã Con Cuông; Xã Môn Sơn; Xã Mậu Thạch; Xã Cam Phục; Xã Châu Khê; Xã Bình Chuẩn; Xã Diễn Châu; Xã Đức Châu; Xã Quảng Châu; Xã Hải Châu; Xã Tân Châu; Xã An Châu; Xã Minh Châu; Xã Hùng Châu; Xã Đô Lương; Xã Bạch Ngọc; Xã Văn Hiến; Xã Bạch Hà; Xã Thuần Trung; Xã Lương Sơn; Phường Hoàng Mai; Phường Tân Mai; Phường Quỳnh Mai; Xã Hưng Nguyên; Xã Yên Trung; Xã Hưng Nguyên Nam; Xã Lam Thành; Xã Mường Xén; Xã Hữu Kiệm; Xã Nậm Cắn; Xã Chiêu Lưu; Xã Na Loi; Xã Mường Típ; Xã Na Ngoi; Xã Mỹ Lý; Xã Bắc Lý; Xã Keng Đu; Xã Huồi Tụ; Xã Mường Lống; Xã Vạn An; Xã Nam Đàn; Xã Đại Huệ; Xã Thiên Nhẫn; Xã Kim Liên; Xã Nghĩa Đàn; Xã Nghĩa Thọ; Xã Nghĩa Lâm; Xã Nghĩa Mai; Xã Nghĩa Hưng; Xã Nghĩa Khánh; Xã Nghĩa Lộc; Xã Nghi Lộc; Xã Phúc Lộc; Xã Đông Lộc; Xã Trung Lộc; Xã Thần Lĩnh; Xã Hải Lộc; Xã Văn Kiều; Xã Quế Phong; Xã Tiền Phong; Xã Tri Lễ; Xã Mường Quàng; Xã Thông Thụ; Xã Quỳ Châu; Xã Châu Tiến; Xã Hùng Chân; Xã Châu Bình; Xã Quỳ Hợp; Xã Tam Hợp; Xã Châu Lộc; Xã Châu Hồng; Xã Mường Ham; Xã Mường Chọng; Xã Minh Hợp; Xã Quỳnh Lưu; Xã Quỳnh Văn; Xã Quỳnh Anh; Xã Quỳnh Tam; Xã Quỳnh Phú; Xã Quỳnh Sơn; Xã Quỳnh Thắng; Xã Tân Kỳ; Xã Tân Phú; Xã Tân An; Xã Nghĩa Đồng; Xã Giai Xuân; Xã Nghĩa Hành; Xã Tiên Đồng; Phường Thái Hoà; Phường Tây Hiếu; Xã Đông Hiếu; Xã Cát Ngạn; Xã Tam Đồng; Xã Hạnh Lâm; Xã Sơn Lâm; Xã Hoa Quân; Xã Kim Bảng; Xã Bích Hào; Xã Đại Đồng; Xã Xuân Lâm; Xã Tam Quang; Xã Tam Thái; Xã Tương Dương; Xã Lượng Minh; Xã Yên Na; Xã Yên Hoà; Xã Nga My; Xã Hữu Khuông; Xã Nhôn Mai; Phường Trường Vinh; Phường Thành Vinh; Phường Vinh Hưng; Phường Vinh Phú; Phường Vinh Lộc; Phường Cửa Lò; Xã Yên Thành; Xã Quan Thành; Xã Hợp Minh; Xã Vân Tụ; Xã Vân Du; Xã Quang Đồng; Xã Giai Lạc; Xã Bình Minh; Xã Đông Thành,Xã Anh Sơn; Xã Yên Xuân; Xã Nhân Hoà; Xã Anh Sơn Đông; Xã Vĩnh Tường; Xã Thành Bình Thọ; Xã Con Cuông; Xã Môn Sơn; Xã Mậu Thạch; Xã Cam Phục; Xã Châu Khê; Xã Bình Chuẩn; Xã Diễn Châu; Xã Đức Châu; Xã Quảng Châu; Xã Hải Châu; Xã Tân Châu; Xã An Châu; Xã Minh Châu; Xã Hùng Châu; Xã Đô Lương; Xã Bạch Ngọc; Xã Văn Hiến; Xã Bạch Hà; Xã Thuần Trung; Xã Lương Sơn; Phường Hoàng Mai; Phường Tân Mai; Phường Quỳnh Mai; Xã Hưng Nguyên; Xã Yên Trung; Xã Hưng Nguyên Nam; Xã Lam Thành; Xã Mường Xén; Xã Hữu Kiệm; Xã Nậm Cắn; Xã Chiêu Lưu; Xã Na Loi; Xã Mường Típ; Xã Na Ngoi,Địa danh trung tâm; Sông hồ / bờ biển / núi đặc trưng; Khu văn hóa lịch sử; Chợ địa phương; Công viên / thắng cảnh nổi bật,Đặc sản địa phương; Món truyền thống; Hải sản / nông sản đặc trưng; Bánh dân gian; Thức uống địa phương
Tỉnh Hà Tĩnh,HÀ TĨNH,Thị xã Kỳ Anh; Huyện Kỳ Anh; Huyện Cẩm Xuyên; Thành phố Hà Tĩnh; Huyện Thạch Hà; Huyện Can Lộc; Thị xã Hồng Lĩnh; Huyện Nghi Xuân; Huyện Đức Thọ; Huyện Hương Sơn; Huyện Vũ Quang; Huyện Hương Khê,Phường Sông Trí; Phường Hải Ninh; Phường Hoành Sơn; Phường Vũng Áng; Xã Kỳ Xuân; Xã Kỳ Anh; Xã Kỳ Hoa; Xã Kỳ Văn; Xã Kỳ Khang; Xã Kỳ Lạc; Xã Kỳ Thượng; Xã Cẩm Xuyên; Xã Thiên Cầm; Xã Cẩm Duệ; Xã Cẩm Hưng; Xã Cẩm Lạc; Xã Cẩm Trung; Xã Yên Hoà; Phường Thành Sen; Phường Trần Phú; Phường Hà Huy Tập; Xã Thạch Lạc; Xã Đồng Tiến; Xã Thạch Khê; Xã Cẩm Bình; Xã Thạch Hà; Xã Toàn Lưu; Xã Việt Xuyên; Xã Đông Kinh; Xã Thạch Xuân; Xã Lộc Hà; Xã Hồng Lộc; Xã Mai Phụ; Xã Can Lộc; Xã Tùng Lộc; Xã Gia Hanh; Xã Trường Lưu; Xã Xuân Lộc; Xã Đồng Lộc; Phường Bắc Hồng Lĩnh; Phường Nam Hồng Lĩnh; Xã Tiên Điền; Xã Nghi Xuân; Xã Cổ Đạm; Xã Đan Hải; Xã Đức Thọ; Xã Đức Quang; Xã Đức Đồng; Xã Đức Thịnh; Xã Đức Minh; Xã Hương Sơn; Xã Sơn Tây; Xã Tứ Mỹ; Xã Sơn Giang; Xã Sơn Tiến; Xã Sơn Hồng; Xã Kim Hoa; Xã Vũ Quang; Xã Mai Hoa; Xã Thượng Đức; Xã Hương Khê; Xã Hương Phố; Xã Hương Đô; Xã Hà Linh; Xã Hương Bình; Xã Phúc Trạch; Xã Hương Xuân; Xã Sơn Kim 1; Xã Sơn Kim 2,Phường Sông Trí; Phường Hải Ninh; Phường Hoành Sơn; Phường Vũng Áng; Xã Kỳ Xuân; Xã Kỳ Anh; Xã Kỳ Hoa; Xã Kỳ Văn; Xã Kỳ Khang; Xã Kỳ Lạc; Xã Kỳ Thượng; Xã Cẩm Xuyên; Xã Thiên Cầm; Xã Cẩm Duệ; Xã Cẩm Hưng; Xã Cẩm Lạc; Xã Cẩm Trung; Xã Yên Hoà; Phường Thành Sen; Phường Trần Phú; Phường Hà Huy Tập; Xã Thạch Lạc; Xã Đồng Tiến; Xã Thạch Khê; Xã Cẩm Bình; Xã Thạch Hà; Xã Toàn Lưu; Xã Việt Xuyên; Xã Đông Kinh; Xã Thạch Xuân; Xã Lộc Hà; Xã Hồng Lộc; Xã Mai Phụ; Xã Can Lộc; Xã Tùng Lộc; Xã Gia Hanh; Xã Trường Lưu; Xã Xuân Lộc; Xã Đồng Lộc; Phường Bắc Hồng Lĩnh,Địa danh trung tâm; Sông hồ / bờ biển / núi đặc trưng; Khu văn hóa lịch sử; Chợ địa phương; Công viên / thắng cảnh nổi bật,Đặc sản địa phương; Món truyền thống; Hải sản / nông sản đặc trưng; Bánh dân gian; Thức uống địa phương
Tỉnh Quảng Trị,QUẢNG TRỊ,Thành phố Đồng Hới; Thị xã Ba Đồn; Huyện Minh Hoá; Huyện Tuyên Hoá; Huyện Quảng Trạch; Huyện Bố Trạch; Huyện Quảng Ninh; Huyện Lệ Thuỷ; Thành phố Đông Hà; Thị xã Quảng Trị; Huyện Vĩnh Linh; Huyện Gio Linh; Huyện Hướng Hoá; Huyện Đa Krông; Huyện Cam Lộ; Huyện Triệu Phong; Huyện Hải Lăng; Huyện Đảo Cồn Cỏ,Phường Đồng Hới; Phường Đồng Thuận; Phường Đồng Sơn; Xã Nam Gianh; Xã Nam Ba Đồn; Phường Ba Đồn; Phường Bắc Gianh; Xã Dân Hóa; Xã Kim Điền; Xã Kim Phú; Xã Minh Hóa; Xã Tân Thành; Xã Tuyên Lâm; Xã Tuyên Sơn; Xã Đồng Lê; Xã Tuyên Phú; Xã Tuyên Bình; Xã Tuyên Hóa; Xã Tân Gianh; Xã Trung Thuần; Xã Quảng Trạch; Xã Hoà Trạch; Xã Phú Trạch; Xã Thượng Trạch; Xã Phong Nha; Xã Bắc Trạch; Xã Đông Trạch; Xã Hoàn Lão; Xã Bố Trạch; Xã Nam Trạch; Xã Quảng Ninh; Xã Ninh Châu; Xã Trường Ninh; Xã Trường Sơn; Xã Lệ Thủy; Xã Cam Hồng; Xã Sen Ngư; Xã Tân Mỹ; Xã Trường Phú; Xã Lệ Ninh; Xã Kim Ngân; Phường Đông Hà; Phường Nam Đông Hà; Phường Quảng Trị; Xã Vĩnh Linh; Xã Cửa Tùng; Xã Vĩnh Hoàng; Xã Vĩnh Thủy; Xã Bến Quan; Xã Cồn Tiên; Xã Cửa Việt; Xã Gio Linh; Xã Bến Hải; Xã Hướng Lập; Xã Hướng Phùng; Xã Khe Sanh; Xã Tân Lập; Xã Lao Bảo; Xã Lìa; Xã A Dơi; Xã La Lay; Xã Tà Rụt; Xã Đakrông; Xã Ba Lòng; Xã Hướng Hiệp; Xã Cam Lộ; Xã Hiếu Giang; Xã Triệu Phong; Xã Ái Tử; Xã Triệu Bình; Xã Triệu Cơ; Xã Nam Cửa Việt; Xã Diên Sanh; Xã Mỹ Thủy; Xã Hải Lăng; Xã Vĩnh Định; Xã Nam Hải Lăng; Đặc khu Cồn Cỏ,Phường Đồng Hới; Phường Đồng Thuận; Phường Đồng Sơn; Xã Nam Gianh; Xã Nam Ba Đồn; Phường Ba Đồn; Phường Bắc Gianh; Xã Dân Hóa; Xã Kim Điền; Xã Kim Phú; Xã Minh Hóa; Xã Tân Thành; Xã Tuyên Lâm; Xã Tuyên Sơn; Xã Đồng Lê; Xã Tuyên Phú; Xã Tuyên Bình; Xã Tuyên Hóa; Xã Tân Gianh; Xã Trung Thuần; Xã Quảng Trạch; Xã Hoà Trạch; Xã Phú Trạch; Xã Thượng Trạch; Xã Phong Nha; Xã Bắc Trạch; Xã Đông Trạch; Xã Hoàn Lão; Xã Bố Trạch; Xã Nam Trạch; Xã Quảng Ninh; Xã Ninh Châu; Xã Trường Ninh; Xã Trường Sơn; Xã Lệ Thủy; Xã Cam Hồng; Xã Sen Ngư; Xã Tân Mỹ; Xã Trường Phú; Xã Lệ Ninh,Địa danh trung tâm; Sông hồ / bờ biển / núi đặc trưng; Khu văn hóa lịch sử; Chợ địa phương; Công viên / thắng cảnh nổi bật,Đặc sản địa phương; Món truyền thống; Hải sản / nông sản đặc trưng; Bánh dân gian; Thức uống địa phương
Thành phố Huế,HUẾ,Huyện Phú Vang; Quận Phú Xuân; Quận Thuận Hóa; Thị xã Hương Trà; Thị xã Hương Thuỷ; Thị xã Phong Điền; Huyện Quảng Điền; Huyện Phú Lộc; Huyện A Lưới,Phường Thuận An; Phường Hóa Châu; Phường Mỹ Thượng; Phường Vỹ Dạ; Phường Thuận Hóa; Phường An Cựu; Phường Thủy Xuân; Phường Kim Long; Phường Hương An; Phường Phú Xuân; Phường Hương Trà; Phường Kim Trà; Phường Thanh Thủy; Phường Hương Thủy; Phường Phú Bài; Phường Phong Điền; Phường Phong Thái; Phường Phong Dinh; Phường Phong Phú; Phường Phong Quảng; Xã Đan Điền; Xã Quảng Điền; Xã Phú Vinh; Xã Phú Hồ; Xã Phú Vang; Xã Vinh Lộc; Xã Hưng Lộc; Xã Lộc An; Xã Phú Lộc; Xã Chân Mây – Lăng Cô; Xã Long Quảng; Xã Nam Đông; Xã Khe Tre; Xã Bình Điền; Xã A Lưới 1; Xã A Lưới 2; Xã A Lưới 3; Xã A Lưới 4; Xã A Lưới 5; Phường Dương Nỗ,Phường Thuận An; Phường Hóa Châu; Phường Mỹ Thượng; Phường Vỹ Dạ; Phường Thuận Hóa; Phường An Cựu; Phường Thủy Xuân; Phường Kim Long; Phường Hương An; Phường Phú Xuân; Phường Hương Trà; Phường Kim Trà; Phường Thanh Thủy; Phường Hương Thủy; Phường Phú Bài; Phường Phong Điền; Phường Phong Thái; Phường Phong Dinh; Phường Phong Phú; Phường Phong Quảng; Xã Đan Điền; Xã Quảng Điền; Xã Phú Vinh; Xã Phú Hồ; Xã Phú Vang; Xã Vinh Lộc; Xã Hưng Lộc; Xã Lộc An; Xã Phú Lộc; Xã Chân Mây – Lăng Cô; Xã Long Quảng; Xã Nam Đông; Xã Khe Tre; Xã Bình Điền; Xã A Lưới 1; Xã A Lưới 2; Xã A Lưới 3; Xã A Lưới 4; Xã A Lưới 5; Phường Dương Nỗ,Địa danh trung tâm; Sông hồ / bờ biển / núi đặc trưng; Khu văn hóa lịch sử; Chợ địa phương; Công viên / thắng cảnh nổi bật,Đặc sản địa phương; Món truyền thống; Hải sản / nông sản đặc trưng; Bánh dân gian; Thức uống địa phương
Tp Đà Nẵng,ĐÀ NẴNG,Quận Hải Châu; Quận Thanh Khê; Quận Cẩm Lệ; Quận Sơn Trà; Quận Ngũ Hành Sơn; Quận Liên Chiểu; Huyện Hoà Vang; Huyện đảo Hoàng Sa; Huyện Núi Thành; Thành phố Tam Kỳ; Huyện Phú Ninh; Huyện Tiên Phước; Huyện Bắc Trà My; Huyện Nam Trà My; Huyện Thăng Bình; Huyện Quế Sơn; Huyện Duy Xuyên; Thị xã Điện Bàn; Thành phố Hội An; Huyện Đại Lộc; Huyện Nam Giang; Huyện Đông Giang; Huyện Tây Giang; Huyện Hiệp Đức; Huyện Phước Sơn,Phường Hải Châu; Phường Hoà Cường; Phường Thanh Khê; Phường An Khê; Phường An Hải; Phường Sơn Trà; Phường Ngũ Hành Sơn; Phường Hoà Khánh; Phường Hải Vân; Phường Liên Chiểu; Phường Cẩm Lệ; Phường Hoà Xuân; Xã Hoà Vang; Xã Hoà Tiến; Xã Bà Nà; Đặc khu Hoàng Sa; Xã Núi Thành; Xã Tam Mỹ; Xã Tam Anh; Xã Đức Phú; Xã Tam Xuân; Xã Tam Hải; Phường Tam Kỳ; Phường Quảng Phú; Phường Hương Trà; Phường Bàn Thạch; Xã Tây Hồ; Xã Chiên Đàn; Xã Phú Ninh; Xã Lãnh Ngọc; Xã Tiên Phước; Xã Thạnh Bình; Xã Sơn Cẩm Hà; Xã Trà Liên; Xã Trà Giáp; Xã Trà Tân; Xã Trà Đốc; Xã Trà My; Xã Nam Trà My; Xã Trà Tập; Xã Trà Vân; Xã Trà Linh; Xã Trà Leng; Xã Thăng Bình; Xã Thăng An; Xã Thăng Trường; Xã Thăng Điền; Xã Thăng Phú; Xã Đồng Dương; Xã Quế Sơn Trung; Xã Quế Sơn; Xã Xuân Phú; Xã Nông Sơn; Xã Quế Phước; Xã Duy Nghĩa; Xã Nam Phước; Xã Duy Xuyên; Xã Thu Bồn; Phường Điện Bàn; Phường Điện Bàn Đông; Phường An Thắng; Phường Điện Bàn Bắc; Xã Điện Bàn Tây; Xã Gò Nổi; Phường Hội An; Phường Hội An Đông; Phường Hội An Tây; Xã Tân Hiệp; Xã Đại Lộc; Xã Hà Nha; Xã Thượng Đức; Xã Vu Gia; Xã Phú Thuận; Xã Thạnh Mỹ; Xã Bến Giằng; Xã Nam Giang; Xã Đắc Pring; Xã La Dêê; Xã La Êê; Xã Sông Vàng; Xã Sông Kôn; Xã Đông Giang; Xã Bến Hiên; Xã Avương; Xã Tây Giang; Xã Hùng Sơn; Xã Hiệp Đức; Xã Việt An; Xã Phước Trà; Xã Khâm Đức; Xã Phước Năng; Xã Phước Chánh; Xã Phước Thành; Xã Phước Hiệp,Phường Hải Châu; Phường Hoà Cường; Phường Thanh Khê; Phường An Khê; Phường An Hải; Phường Sơn Trà; Phường Ngũ Hành Sơn; Phường Hoà Khánh; Phường Hải Vân; Phường Liên Chiểu; Phường Cẩm Lệ; Phường Hoà Xuân; Xã Hoà Vang; Xã Hoà Tiến; Xã Bà Nà; Đặc khu Hoàng Sa; Xã Núi Thành; Xã Tam Mỹ; Xã Tam Anh; Xã Đức Phú; Xã Tam Xuân; Xã Tam Hải; Phường Tam Kỳ; Phường Quảng Phú; Phường Hương Trà; Phường Bàn Thạch; Xã Tây Hồ; Xã Chiên Đàn; Xã Phú Ninh; Xã Lãnh Ngọc; Xã Tiên Phước; Xã Thạnh Bình; Xã Sơn Cẩm Hà; Xã Trà Liên; Xã Trà Giáp; Xã Trà Tân; Xã Trà Đốc; Xã Trà My; Xã Nam Trà My; Xã Trà Tập,Cầu Rồng; Bà Nà Hills; Bán đảo Sơn Trà; Biển Mỹ Khê; Chùa Linh Ứng; Phố cổ Hội An; Thánh địa Mỹ Sơn,Mì Quảng; Cao lầu; Bánh tráng cuốn thịt heo; Bê thui Cầu Mống; Hải sản Đà Nẵng
Tỉnh Quảng Ngãi,QUẢNG NGÃI,Thành phố Quảng Ngãi; Thị xã Đức Phổ; Huyện Bình Sơn; Huyện Sơn Tịnh; Huyện Tư Nghĩa; Huyện Nghĩa Hành; Huyện Mộ Đức; Huyện Trà Bồng; Huyện Sơn Hà; Huyện Sơn Tây; Huyện Minh Long; Huyện Ba Tơ; Huyện Lý Sơn; Thành phố Kon Tum; Huyện Đăk Hà; Huyện Đắk Tô; Huyện Tu Mơ Rông; Huyện Ngọc Hồi; Huyện Đắk Glei; Huyện Sa Thầy; Huyện Ia H'Drai; Huyện Kon Rẫy; Huyện Kon Plông,Xã Tịnh Khê; Phường Trương Quang Trọng; Xã An Phú; Phường Cẩm Thành; Phường Nghĩa Lộ; Phường Trà Câu; Xã Nguyễn Nghiêm; Phường Đức Phổ; Xã Khánh Cường; Phường Sa Huỳnh; Xã Bình Minh; Xã Bình Chương; Xã Bình Sơn; Xã Vạn Tường; Xã Đông Sơn; Xã Trường Giang; Xã Ba Gia; Xã Sơn Tịnh; Xã Thọ Phong; Xã Tư Nghĩa; Xã Vệ Giang; Xã Nghĩa Giang; Xã Trà Giang; Xã Nghĩa Hành; Xã Đình Cương; Xã Thiện Tín; Xã Phước Giang; Xã Long Phụng; Xã Mỏ Cày; Xã Mộ Đức; Xã Lân Phong; Xã Trà Bồng; Xã Đông Trà Bồng; Xã Tây Trà; Xã Thanh Bồng; Xã Cà Đam; Xã Tây Trà Bồng; Xã Sơn Hạ; Xã Sơn Linh; Xã Sơn Hà; Xã Sơn Thủy; Xã Sơn Kỳ; Xã Sơn Tây; Xã Sơn Tây Thượng; Xã Sơn Tây Hạ; Xã Minh Long; Xã Sơn Mai; Xã Ba Vì; Xã Ba Tô; Xã Ba Dinh; Xã Ba Tơ; Xã Ba Vinh; Xã Ba Động; Xã Đặng Thùy Trâm; Xã Ba Xa; Đặc khu Lý Sơn; Phường Kon Tum; Phường Đăk Cấm; Phường Đăk BLa; Xã Ngọk Bay; Xã Ia Chim; Xã Đăk Rơ Wa; Xã Đăk Pxi; Xã Đăk Mar; Xã Đăk Ui; Xã Ngọk Réo; Xã Đăk Hà; Xã Ngọk Tụ; Xã Đăk Tô; Xã Kon Đào; Xã Đăk Sao; Xã Đăk Tờ Kan; Xã Tu Mơ Rông; Xã Măng Ri; Xã Bờ Y; Xã Sa Loong; Xã Dục Nông; Xã Xốp; Xã Ngọc Linh; Xã Đăk Plô; Xã Đăk Pék; Xã Đăk Môn; Xã Sa Thầy; Xã Sa Bình; Xã Ya Ly; Xã Ia Tơi; Xã Đăk Kôi; Xã Kon Braih; Xã Đăk Rve; Xã Măng Đen; Xã Măng Bút; Xã Kon Plông; Xã Đăk Long; Xã Rờ Kơi; Xã Mô Rai; Xã Ia Đal,Xã Tịnh Khê; Phường Trương Quang Trọng; Xã An Phú; Phường Cẩm Thành; Phường Nghĩa Lộ; Phường Trà Câu; Xã Nguyễn Nghiêm; Phường Đức Phổ; Xã Khánh Cường; Phường Sa Huỳnh; Xã Bình Minh; Xã Bình Chương; Xã Bình Sơn; Xã Vạn Tường; Xã Đông Sơn; Xã Trường Giang; Xã Ba Gia; Xã Sơn Tịnh; Xã Thọ Phong; Xã Tư Nghĩa; Xã Vệ Giang; Xã Nghĩa Giang; Xã Trà Giang; Xã Nghĩa Hành; Xã Đình Cương; Xã Thiện Tín; Xã Phước Giang; Xã Long Phụng; Xã Mỏ Cày; Xã Mộ Đức; Xã Lân Phong; Xã Trà Bồng; Xã Đông Trà Bồng; Xã Tây Trà; Xã Thanh Bồng; Xã Cà Đam; Xã Tây Trà Bồng; Xã Sơn Hạ; Xã Sơn Linh; Xã Sơn Hà,Địa danh trung tâm; Sông hồ / bờ biển / núi đặc trưng; Khu văn hóa lịch sử; Chợ địa phương; Công viên / thắng cảnh nổi bật,Đặc sản địa phương; Món truyền thống; Hải sản / nông sản đặc trưng; Bánh dân gian; Thức uống địa phương
Tỉnh Khánh Hòa,KHÁNH HÒA,Thành phố Nha Trang; Thành phố Cam Ranh; Thị xã Ninh Hoà; Huyện Vạn Ninh; Huyện Diên Khánh; Huyện Cam Lâm; Huyện Khánh Vĩnh; Huyện Khánh Sơn; Huyện Trường Sa; TP.Phan Rang-Tháp Chàm; Huyện Ninh Hải; Huyện Ninh Phước; Huyện Thuận Nam; Huyện Thuận Bắc; Huyện Ninh Sơn; Huyện Bác Ái,Phường Nha Trang; Phường Bắc Nha Trang; Phường Tây Nha Trang; Phường Nam Nha Trang; Phường Bắc Cam Ranh; Phường Cam Ranh; Phường Cam Linh; Phường Ba Ngòi; Xã Nam Cam Ranh; Xã Bắc Ninh Hoà; Phường Ninh Hoà; Xã Tân Định; Phường Đông Ninh Hoà; Phường Hoà Thắng; Xã Nam Ninh Hoà; Xã Tây Ninh Hoà; Xã Hoà Trí; Xã Đại Lãnh; Xã Tu Bông; Xã Vạn Thắng; Xã Vạn Ninh; Xã Vạn Hưng; Xã Diên Khánh; Xã Diên Lạc; Xã Diên Điền; Xã Diên Lâm; Xã Diên Thọ; Xã Suối Hiệp; Xã Cam Lâm; Xã Suối Dầu; Xã Cam Hiệp; Xã Cam An; Xã Bắc Khánh Vĩnh; Xã Trung Khánh Vĩnh; Xã Tây Khánh Vĩnh; Xã Nam Khánh Vĩnh; Xã Khánh Vĩnh; Xã Khánh Sơn; Xã Tây Khánh Sơn; Xã Đông Khánh Sơn; Đặc khu Trường Sa; Phường Phan Rang; Phường Đông Hải; Phường Ninh Chử; Phường Bảo An; Phường Đô Vinh; Xã Ninh Phước; Xã Phước Hữu; Xã Phước Hậu; Xã Thuận Nam; Xã Cà Ná; Xã Phước Hà; Xã Phước Dinh; Xã Ninh Hải; Xã Xuân Hải; Xã Vĩnh Hải; Xã Thuận Bắc; Xã Công Hải; Xã Ninh Sơn; Xã Lâm Sơn; Xã Anh Dũng; Xã Mỹ Sơn; Xã Bác Ái Đông; Xã Bác Ái; Xã Bác Ái Tây,Phường Nha Trang; Phường Bắc Nha Trang; Phường Tây Nha Trang; Phường Nam Nha Trang; Phường Bắc Cam Ranh; Phường Cam Ranh; Phường Cam Linh; Phường Ba Ngòi; Xã Nam Cam Ranh; Xã Bắc Ninh Hoà; Phường Ninh Hoà; Xã Tân Định; Phường Đông Ninh Hoà; Phường Hoà Thắng; Xã Nam Ninh Hoà; Xã Tây Ninh Hoà; Xã Hoà Trí; Xã Đại Lãnh; Xã Tu Bông; Xã Vạn Thắng; Xã Vạn Ninh; Xã Vạn Hưng; Xã Diên Khánh; Xã Diên Lạc; Xã Diên Điền; Xã Diên Lâm; Xã Diên Thọ; Xã Suối Hiệp; Xã Cam Lâm; Xã Suối Dầu; Xã Cam Hiệp; Xã Cam An; Xã Bắc Khánh Vĩnh; Xã Trung Khánh Vĩnh; Xã Tây Khánh Vĩnh; Xã Nam Khánh Vĩnh; Xã Khánh Vĩnh; Xã Khánh Sơn; Xã Tây Khánh Sơn; Xã Đông Khánh Sơn,Địa danh trung tâm; Sông hồ / bờ biển / núi đặc trưng; Khu văn hóa lịch sử; Chợ địa phương; Công viên / thắng cảnh nổi bật,Đặc sản địa phương; Món truyền thống; Hải sản / nông sản đặc trưng; Bánh dân gian; Thức uống địa phương
Tỉnh Gia Lai,GIA LAI,Thành phố Quy Nhơn; Thị xã An Nhơn; Thị xã Hoài Nhơn; Huyện Phù Cát; Huyện Phù Mỹ; Huyện Tuy Phước; Huyện Tây Sơn; Huyện Hoài Ân; Huyện Vân Canh; Huyện Vĩnh Thạnh; Huyện An Lão; Thành phố Pleiku; Huyện Chư Păh; Huyện Chư Prông; Huyện Chư Sê; Huyện Chư Pưh; Thị xã An Khê; Huyện ĐakPơ; Huyện Kbang; Huyện Kông Chro; Thị xã Ayun Pa; Huyện Phú Thiện; Huyện IaPa; Huyện Krông Pa; Huyện Đak Đoa; Huyện Mang Yang; Huyện Ia Grai; Huyện Đức Cơ,Phường Quy Nhơn; Phường Quy Nhơn Đông; Phường Quy Nhơn Tây; Phường Quy Nhơn Nam; Phường Quy Nhơn Bắc; Phường Bình Định; Phường An Nhơn; Phường An Nhơn Đông; Phường An Nhơn Nam; Phường An Nhơn Bắc; Xã An Nhơn Tây; Phường Bồng Sơn; Phường Hoài Nhơn; Phường Tam Quan; Phường Hoài Nhơn Đông; Phường Hoài Nhơn Tây; Phường Hoài Nhơn Nam; Phường Hoài Nhơn Bắc; Xã Phù Cát; Xã Xuân An; Xã Ngô Mây; Xã Cát Tiến; Xã Đề Gi; Xã Hoà Hội; Xã Hội Sơn; Xã Phù Mỹ; Xã An Lương; Xã Bình Dương; Xã Phù Mỹ Đông; Xã Phù Mỹ Tây; Xã Phù Mỹ Nam; Xã Phù Mỹ Bắc; Xã Tuy Phước; Xã Tuy Phước Đông; Xã Tuy Phước Tây; Xã Tuy Phước Bắc; Xã Tây Sơn; Xã Bình Khê; Xã Bình Phú; Xã Bình Hiệp; Xã Bình An; Xã Hoài Ân; Xã Ân Tường; Xã Kim Sơn; Xã Vạn Đức; Xã Ân Hảo; Xã Vân Canh; Xã Canh Vinh; Xã Canh Liên; Xã Vĩnh Thạnh; Xã Vĩnh Thịnh; Xã Vĩnh Quang; Xã Vĩnh Sơn; Xã An Hoà; Xã An Lão; Xã An Vinh; Xã An Toàn; Phường Pleiku; Phường Hội Phú; Phường Thống Nhất; Phường Diên Hồng; Phường An Phú; Xã Biển Hồ; Xã Gào; Xã Ia Ly; Xã Chư Păh; Xã Ia Khươl; Xã Ia Phí; Xã Chư Prông; Xã Bàu Cạn; Xã Ia Boòng; Xã Ia Lâu; Xã Ia Pia; Xã Ia Tôr; Xã Chư Sê; Xã Bờ Ngoong; Xã Ia Ko; Xã Albá; Xã Chư Pưh; Xã Ia Le; Xã Ia Hrú; Phường An Khê; Phường An Bình; Xã Cửu An; Xã Đak Pơ; Xã Ya Hội; Xã Kbang; Xã Kông Bơ La; Xã Tơ Tung; Xã Sơn Lang; Xã Đak Rong; Xã Kông Chro; Xã Ya Ma; Xã Chư Krey; Xã SRó; Xã Đăk Song; Xã Chơ Long; Phường Ayun Pa; Xã Ia Rbol; Xã Ia Sao; Xã Phú Thiện; Xã Chư A Thai; Xã Ia Hiao; Xã Pờ Tó; Xã Ia Pa; Xã Ia Tul; Xã Phú Túc; Xã Ia Dreh; Xã Ia Rsai; Xã Uar; Xã Đak Đoa; Xã Kon Gang; Xã Ia Băng; Xã KDang; Xã Đak Sơmei; Xã Mang Yang; Xã Lơ Pang; Xã Kon Chiêng; Xã Hra; Xã Ayun; Xã Ia Grai; Xã Ia Krái; Xã Ia Hrung; Xã Đức Cơ; Xã Ia Dơk; Xã Ia Krêl; Xã Nhơn Châu; Xã Ia Púch; Xã Ia Mơ; Xã Ia Pnôn; Xã Ia Nan; Xã Ia Dom; Xã Ia Chia; Xã Ia O; Xã Krong,Phường Quy Nhơn; Phường Quy Nhơn Đông; Phường Quy Nhơn Tây; Phường Quy Nhơn Nam; Phường Quy Nhơn Bắc; Phường Bình Định; Phường An Nhơn; Phường An Nhơn Đông; Phường An Nhơn Nam; Phường An Nhơn Bắc; Xã An Nhơn Tây; Phường Bồng Sơn; Phường Hoài Nhơn; Phường Tam Quan; Phường Hoài Nhơn Đông; Phường Hoài Nhơn Tây; Phường Hoài Nhơn Nam; Phường Hoài Nhơn Bắc; Xã Phù Cát; Xã Xuân An; Xã Ngô Mây; Xã Cát Tiến; Xã Đề Gi; Xã Hoà Hội; Xã Hội Sơn; Xã Phù Mỹ; Xã An Lương; Xã Bình Dương; Xã Phù Mỹ Đông; Xã Phù Mỹ Tây; Xã Phù Mỹ Nam; Xã Phù Mỹ Bắc; Xã Tuy Phước; Xã Tuy Phước Đông; Xã Tuy Phước Tây; Xã Tuy Phước Bắc; Xã Tây Sơn; Xã Bình Khê; Xã Bình Phú; Xã Bình Hiệp,Địa danh trung tâm; Sông hồ / bờ biển / núi đặc trưng; Khu văn hóa lịch sử; Chợ địa phương; Công viên / thắng cảnh nổi bật,Đặc sản địa phương; Món truyền thống; Hải sản / nông sản đặc trưng; Bánh dân gian; Thức uống địa phương
Tỉnh Đắk Lắk,ĐẮK LẮK,TP.Buôn Ma Thuột; Thị xã Buôn Hồ; Huyện Ea Súp; Huyện Buôn Đôn; Huyện Cư M'gar; Huyện Krông Buk; Huyện Ea H'leo; Huyện Krông Năng; Huyện Krông Pắc; Huyện Ea Kar; Huyện M'ĐrắK; Huyện Krông Bông; Huyện Lắk; Huyện Cư Kuin; Huyện Krông A Na; Thành phố Tuy Hoà; Thị xã Sông Cầu; Thị xã Đông Hòa; Huyện Tuy An; Huyện Phú Hoà; Huyện Tây Hoà; Huyện Sơn Hoà; Huyện Sông Hinh; Huyện Đồng Xuân,Xã Hoà Phú; Phường Buôn Ma Thuột; Phường Tân An; Phường Tân Lập; Phường Thành Nhất; Phường Ea Kao; Xã Ea Drông; Phường Buôn Hồ; Phường Cư Bao; Xã Ea Súp; Xã Ea Rốk; Xã Ea Bung; Xã Ia Rvê; Xã Ia Lốp; Xã Ea Wer; Xã Ea Nuôl; Xã Buôn Đôn; Xã Ea Kiết; Xã Ea M’Droh; Xã Quảng Phú; Xã Cuôr Đăng; Xã Cư M’gar; Xã Ea Tul; Xã Pơng Drang; Xã Krông Búk; Xã Cư Pơng; Xã Ea Khăl; Xã Ea Drăng; Xã Ea Wy; Xã Ea H’leo; Xã Ea Hiao; Xã Krông Năng; Xã Dliê Ya; Xã Tam Giang; Xã Phú Xuân; Xã Krông Pắc; Xã Ea Knuếc; Xã Tân Tiến; Xã Ea Phê; Xã Ea Kly; Xã Vụ Bổn; Xã Ea Kar; Xã Ea Ô; Xã Ea Knốp; Xã Cư Yang; Xã Ea Păl; Xã M’Drắk; Xã Ea Riêng; Xã Cư M’ta; Xã Krông Á; Xã Cư Prao; Xã Ea Trang; Xã Hoà Sơn; Xã Dang Kang; Xã Krông Bông; Xã Yang Mao; Xã Cư Pui; Xã Liên Sơn Lắk; Xã Đắk Liêng; Xã Nam Ka; Xã Đắk Phơi; Xã Krông Nô; Xã Ea Ning; Xã Dray Bhăng; Xã Ea Ktur; Xã Krông Ana; Xã Dur Kmăl; Xã Ea Na; Phường Tuy Hòa; Phường Phú Yên; Phường Bình Kiến; Xã Xuân Thọ; Xã Xuân Cảnh; Xã Xuân Lộc; Phường Xuân Đài; Phường Sông Cầu; Xã Hòa Xuân; Phường Đông Hòa; Phường Hòa Hiệp; Xã Tuy An Bắc; Xã Tuy An Đông; Xã Ô Loan; Xã Tuy An Nam; Xã Tuy An Tây; Xã Phú Hòa 1; Xã Phú Hòa 2; Xã Tây Hòa; Xã Hòa Thịnh; Xã Hòa Mỹ; Xã Sơn Thành; Xã Sơn Hòa; Xã Vân Hòa; Xã Tây Sơn; Xã Suối Trai; Xã Ea Ly; Xã Ea Bá; Xã Đức Bình; Xã Sông Hinh; Xã Xuân Lãnh; Xã Phú Mỡ; Xã Xuân Phước; Xã Đồng Xuân,Xã Hoà Phú; Phường Buôn Ma Thuột; Phường Tân An; Phường Tân Lập; Phường Thành Nhất; Phường Ea Kao; Xã Ea Drông; Phường Buôn Hồ; Phường Cư Bao; Xã Ea Súp; Xã Ea Rốk; Xã Ea Bung; Xã Ia Rvê; Xã Ia Lốp; Xã Ea Wer; Xã Ea Nuôl; Xã Buôn Đôn; Xã Ea Kiết; Xã Ea M’Droh; Xã Quảng Phú; Xã Cuôr Đăng; Xã Cư M’gar; Xã Ea Tul; Xã Pơng Drang; Xã Krông Búk; Xã Cư Pơng; Xã Ea Khăl; Xã Ea Drăng; Xã Ea Wy; Xã Ea H’leo; Xã Ea Hiao; Xã Krông Năng; Xã Dliê Ya; Xã Tam Giang; Xã Phú Xuân; Xã Krông Pắc; Xã Ea Knuếc; Xã Tân Tiến; Xã Ea Phê; Xã Ea Kly,Địa danh trung tâm; Sông hồ / bờ biển / núi đặc trưng; Khu văn hóa lịch sử; Chợ địa phương; Công viên / thắng cảnh nổi bật,Đặc sản địa phương; Món truyền thống; Hải sản / nông sản đặc trưng; Bánh dân gian; Thức uống địa phương
Tỉnh Lâm Đồng,LÂM ĐỒNG,Thành phố Đà Lạt; Huyện Lạc Dương; Thành phố Bảo Lộc; Huyện Đơn Dương; Huyện Đức Trọng; Huyện Lâm Hà; Huyện Đam Rông; Huyện Di Linh; Huyện Bảo Lâm; Huyện Đạ Huoai; Thành phố Phan Thiết; Thị xã La Gi; Huyện Tuy Phong; Huyện Bắc Bình; Huyện Hàm Thuận Bắc; Huyện Hàm Thuận Nam; Huyện Hàm Tân; Huyện Tánh Linh; Huyện Đức Linh; Huyện Phú Quý; Thành phố Gia Nghĩa; Huyện Cư Jút; Huyện Đắk Mil; Huyện Krông Nô; Huyện Đắk Song; Huyện Đắk Glong; Huyện Tuy Đức; Huyện Đắk R'Lấp,Phường Xuân Hương - Đà Lạt; Phường Cam Ly - Đà Lạt; Phường Lâm Viên - Đà Lạt; Phường Xuân Trường - Đà Lạt; Phường Langbiang - Đà Lạt; Phường 1 Bảo Lộc; Phường 2 Bảo Lộc; Phường 3 Bảo Lộc; Phường B' Lao; Xã Lạc Dương; Xã Đơn Dương; Xã Ka Đô; Xã Quảng Lập; Xã D'Ran; Xã Hiệp Thạnh; Xã Đức Trọng; Xã Tân Hội; Xã Tà Hine; Xã Tà Năng; Xã Đinh Văn - Lâm Hà; Xã Phú Sơn - Lâm Hà; Xã Nam Hà - Lâm Hà; Xã Nam Ban - Lâm Hà; Xã Tân Hà - Lâm Hà; Xã Phúc Thọ - Lâm Hà; Xã Đam Rông 1; Xã Đam Rông 2; Xã Đam Rông 3; Xã Đam Rông 4; Xã Di Linh; Xã Hoà Ninh; Xã Hoà Bắc; Xã Đinh Trang Thượng; Xã Bảo Thuận; Xã Sơn Điền; Xã Gia Hiệp; Xã Bảo Lâm 1; Xã Bảo Lâm 2; Xã Bảo Lâm 3; Xã Bảo Lâm 4; Xã Bảo Lâm 5; Xã Đạ Huoai; Xã Đạ Huoai 2; Xã Đạ Huoai 3; Xã Đạ Tẻh; Xã Đạ Tẻh 2; Xã Đạ Tẻh 3; Xã Cát Tiên; Xã Cát Tiên 2; Xã Cát Tiên 3; Phường Hàm Thắng; Phường Bình Thuận; Phường Mũi Né; Phường Phú Thuỷ; Phường Phan Thiết; Phường Tiến Thành; Phường La Gi; Phường Phước Hội; Xã Tuyên Quang; Xã Tân Hải; Xã Vĩnh Hảo; Xã Liên Hương; Xã Tuy Phong; Xã Phan Rí Cửa; Xã Bắc Bình; Xã Hồng Thái; Xã Hải Ninh; Xã Phan Sơn; Xã Sông Lũy; Xã Lương Sơn; Xã Hoà Thắng; Xã Đông Giang; Xã La Dạ; Xã Hàm Thuận Bắc; Xã Hàm Thuận; Xã Hồng Sơn; Xã Hàm Liêm; Xã Hàm Thạnh; Xã Hàm Kiệm; Xã Tân Thành; Xã Hàm Thuận Nam; Xã Tân Lập; Xã Tân Minh; Xã Hàm Tân; Xã Sơn Mỹ; Xã Bắc Ruộng; Xã Nghị Đức; Xã Đồng Kho; Xã Tánh Linh; Xã Suối Kiết; Xã Nam Thành; Xã Đức Linh; Xã Hoài Đức; Xã Trà Tân; Đặc khu Phú Quý; Phường Bắc Gia Nghĩa; Phường Nam Gia Nghĩa; Phường Đông Gia Nghĩa; Xã Đắk Wil; Xã Nam Dong; Xã Cư Jút; Xã Thuận An; Xã Đức Lập; Xã Đắk Mil; Xã Đắk Sắk; Xã Nam Đà; Xã Krông Nô; Xã Nâm Nung; Xã Quảng Phú; Xã Đắk song; Xã Đức An; Xã Thuận Hạnh; Xã Trường Xuân; Xã Tà Đùng; Xã Quảng Khê; Xã Quảng Tân; Xã Tuy Đức; Xã Kiến Đức; Xã Nhân Cơ; Xã Quảng Tín; Xã Ninh Gia; Xã Quảng Hoà; Xã Quảng Sơn; Xã Quảng Trực,Phường Xuân Hương - Đà Lạt; Phường Cam Ly - Đà Lạt; Phường Lâm Viên - Đà Lạt; Phường Xuân Trường - Đà Lạt; Phường Langbiang - Đà Lạt; Phường 1 Bảo Lộc; Phường 2 Bảo Lộc; Phường 3 Bảo Lộc; Phường B' Lao; Xã Lạc Dương; Xã Đơn Dương; Xã Ka Đô; Xã Quảng Lập; Xã D'Ran; Xã Hiệp Thạnh; Xã Đức Trọng; Xã Tân Hội; Xã Tà Hine; Xã Tà Năng; Xã Đinh Văn - Lâm Hà; Xã Phú Sơn - Lâm Hà; Xã Nam Hà - Lâm Hà; Xã Nam Ban - Lâm Hà; Xã Tân Hà - Lâm Hà; Xã Phúc Thọ - Lâm Hà; Xã Đam Rông 1; Xã Đam Rông 2; Xã Đam Rông 3; Xã Đam Rông 4; Xã Di Linh; Xã Hoà Ninh; Xã Hoà Bắc; Xã Đinh Trang Thượng; Xã Bảo Thuận; Xã Sơn Điền; Xã Gia Hiệp; Xã Bảo Lâm 1; Xã Bảo Lâm 2; Xã Bảo Lâm 3; Xã Bảo Lâm 4,Địa danh trung tâm; Sông hồ / bờ biển / núi đặc trưng; Khu văn hóa lịch sử; Chợ địa phương; Công viên / thắng cảnh nổi bật,Đặc sản địa phương; Món truyền thống; Hải sản / nông sản đặc trưng; Bánh dân gian; Thức uống địa phương
Tỉnh Tây Ninh,TÂY NINH,Huyện Tân Hưng; Huyện Vĩnh Hưng; Thị xã Kiến Tường; Huyện Mộc Hoá; Huyện Tân Thạnh; Huyện Thạnh Hoá; Huyện Thủ Thừa; Huyện Đức Huệ; Huyện Đức Hoà; Huyện Bến Lức; Huyện Cần Đước; Huyện Cần Giuộc; Huyện Tân Trụ; Huyện Châu Thành; Thành phố Tân An; Thành phố Tây Ninh; Huyện Dương Minh Châu; Thị xã Hoà Thành; Thị xã Trảng Bàng; Huyện Gò Dầu; Huyện Tân Châu; Huyện Tân Biên; Huyện Bến Cầu,Xã Hưng Điền; Xã Vĩnh Thạnh; Xã Tân Hưng; Xã Vĩnh Châu; Xã Tuyên Bình; Xã Vĩnh Hưng; Xã Khánh Hưng; Xã Tuyên Thạnh; Xã Bình Hiệp; Phường Kiến Tường; Xã Bình Hoà; Xã Mộc Hoá; Xã Hậu Thạnh; Xã Nhơn Hoà Lập; Xã Nhơn Ninh; Xã Tân Thạnh; Xã Bình Thành; Xã Thạnh Phước; Xã Thạnh Hóa; Xã Tân Tây; Xã Thủ Thừa; Xã Mỹ An; Xã Mỹ Thạnh; Xã Tân Long; Xã Mỹ Quý; Xã Đông Thành; Xã Đức Huệ; Xã An Ninh; Xã Hiệp Hoà; Xã Hậu Nghĩa; Xã Hoà Khánh; Xã Đức Lập; Xã Mỹ Hạnh; Xã Đức Hoà; Xã Thạnh Lợi; Xã Bình Đức; Xã Lương Hoà; Xã Bến Lức; Xã Mỹ Yên; Xã Long Cang; Xã Rạch Kiến; Xã Mỹ Lệ; Xã Tân Lân; Xã Cần Đước; Xã Long Hựu; Xã Phước Lý; Xã Mỹ Lộc; Xã Cần Giuộc; Xã Phước Vĩnh Tây; Xã Tân Tập; Xã Vàm Cỏ; Xã Tân Trụ; Xã Nhựt Tảo; Xã Thuận Mỹ; Xã An Lục Long; Xã Tầm Vu; Xã Vĩnh Công; Phường Long An; Phường Tân An; Phường Khánh Hậu; Phường Tân Ninh; Phường Bình Minh; Phường Ninh Thạnh; Phường Long Hoa; Phường Hoà Thành; Phường Thanh Điền; Phường Trảng Bàng; Phường An Tịnh; Phường Gò Dầu; Phường Gia Lộc; Xã Hưng Thuận; Xã Phước Chỉ; Xã Thạnh Đức; Xã Phước Thạnh; Xã Truông Mít; Xã Lộc Ninh; Xã Cầu Khởi; Xã Dương Minh Châu; Xã Tân Đông; Xã Tân Châu; Xã Tân Phú; Xã Tân Hội; Xã Tân Thành; Xã Tân Hoà; Xã Tân Lập; Xã Tân Biên; Xã Thạnh Bình; Xã Trà Vong; Xã Phước Vinh; Xã Hoà Hội; Xã Ninh Điền; Xã Châu Thành; Xã Hảo Đước; Xã Long Chữ; Xã Long Thuận; Xã Bến Cầu,Xã Hưng Điền; Xã Vĩnh Thạnh; Xã Tân Hưng; Xã Vĩnh Châu; Xã Tuyên Bình; Xã Vĩnh Hưng; Xã Khánh Hưng; Xã Tuyên Thạnh; Xã Bình Hiệp; Phường Kiến Tường; Xã Bình Hoà; Xã Mộc Hoá; Xã Hậu Thạnh; Xã Nhơn Hoà Lập; Xã Nhơn Ninh; Xã Tân Thạnh; Xã Bình Thành; Xã Thạnh Phước; Xã Thạnh Hóa; Xã Tân Tây; Xã Thủ Thừa; Xã Mỹ An; Xã Mỹ Thạnh; Xã Tân Long; Xã Mỹ Quý; Xã Đông Thành; Xã Đức Huệ; Xã An Ninh; Xã Hiệp Hoà; Xã Hậu Nghĩa; Xã Hoà Khánh; Xã Đức Lập; Xã Mỹ Hạnh; Xã Đức Hoà; Xã Thạnh Lợi; Xã Bình Đức; Xã Lương Hoà; Xã Bến Lức; Xã Mỹ Yên; Xã Long Cang,Địa danh trung tâm; Sông hồ / bờ biển / núi đặc trưng; Khu văn hóa lịch sử; Chợ địa phương; Công viên / thắng cảnh nổi bật,Đặc sản địa phương; Món truyền thống; Hải sản / nông sản đặc trưng; Bánh dân gian; Thức uống địa phương
Tỉnh Đồng Nai,ĐỒNG NAI,Thành phố Biên Hoà; Huyện Nhơn Trạch; Huyện Long Thành; Huyện Trảng Bom; Huyện Thống Nhất; Huyện Định Quán; Thành phố Long khánh; Huyện Cẩm Mỹ; Huyện Xuân Lộc; Huyện Tân Phú; Huyện Vĩnh Cửu; Huyện Chơn Thành; Huyện Hớn Quản; Thị xã Bình Long; Huyện Lộc Ninh; Huyện Bù Đốp; Huyện Bù Gia Mập; Thị xã Phước Long; Huyện Phú Riềng; Thành phố Đồng Xoài; Huyện Đồng Phú; Huyện Bù Đăng,Phường Biên Hoà; Phường Trấn Biên; Phường Tam Hiệp; Phường Long Bình; Phường Trảng Dài; Phường Hố Nai; Phường Long Hưng; Xã Đại Phước; Xã Nhơn Trạch; Xã Phước An; Xã Phước Thái; Xã Long Phước; Xã Bình An; Xã Long Thành; Xã An Phước; Xã An Viễn; Xã Bình Minh; Xã Trảng Bom; Xã Bàu Hàm; Xã Hưng Thịnh; Xã Dầu Giây; Xã Gia Kiệm; Xã Thống Nhất; Phường Bình Lộc; Phường Bảo Vinh; Phường Xuân Lập; Phường Long Khánh; Phường Hàng Gòn; Xã Xuân Quế; Xã Xuân Đường; Xã Cẩm Mỹ; Xã Sông Ray; Xã Xuân Đông; Xã Xuân Định; Xã Xuân Phú; Xã Xuân Lộc; Xã Xuân Hoà; Xã Xuân Thành; Xã Xuân Bắc; Xã La Ngà; Xã Định Quán; Xã Phú Vinh; Xã Phú Hoà; Xã Tà Lài; Xã Nam Cát Tiên; Xã Tân Phú; Xã Phú Lâm; Xã Trị An; Xã Tân An; Phường Tân Triều; Phường Minh Hưng; Phường Chơn Thành; Xã Nha Bích; Xã Tân Quan; Xã Tân Hưng; Xã Tân Khai; Xã Minh Đức; Phường Bình Long; Phường An Lộc; Xã Lộc Thành; Xã Lộc Ninh; Xã Lộc Hưng; Xã Lộc Tấn; Xã Lộc Thạnh; Xã Lộc Quang; Xã Tân Tiến; Xã Thiện Hưng; Xã Hưng Phước; Xã Phú Nghĩa; Xã Đa Kia; Phường Phước Bình; Phường Phước Long; Xã Bình Tân; Xã Long Hà; Xã Phú Riềng; Xã Phú Trung; Phường Đồng Xoài; Phường Bình Phước; Xã Thuận Lợi; Xã Đồng Tâm; Xã Tân Lợi; Xã Đồng Phú; Xã Phước Sơn; Xã Nghĩa Trung; Xã Bù Đăng; Xã Thọ Sơn; Xã Đak Nhau; Xã Bom Bo; Phường Tam Phước; Phường Phước Tân; Xã Thanh Sơn; Xã Đak Lua; Xã Phú Lý; Xã Bù Gia Mập; Xã Đăk Ơ,Phường Biên Hoà; Phường Trấn Biên; Phường Tam Hiệp; Phường Long Bình; Phường Trảng Dài; Phường Hố Nai; Phường Long Hưng; Xã Đại Phước; Xã Nhơn Trạch; Xã Phước An; Xã Phước Thái; Xã Long Phước; Xã Bình An; Xã Long Thành; Xã An Phước; Xã An Viễn; Xã Bình Minh; Xã Trảng Bom; Xã Bàu Hàm; Xã Hưng Thịnh; Xã Dầu Giây; Xã Gia Kiệm; Xã Thống Nhất; Phường Bình Lộc; Phường Bảo Vinh; Phường Xuân Lập; Phường Long Khánh; Phường Hàng Gòn; Xã Xuân Quế; Xã Xuân Đường; Xã Cẩm Mỹ; Xã Sông Ray; Xã Xuân Đông; Xã Xuân Định; Xã Xuân Phú; Xã Xuân Lộc; Xã Xuân Hoà; Xã Xuân Thành; Xã Xuân Bắc; Xã La Ngà,Địa danh trung tâm; Sông hồ / bờ biển / núi đặc trưng; Khu văn hóa lịch sử; Chợ địa phương; Công viên / thắng cảnh nổi bật,Đặc sản địa phương; Món truyền thống; Hải sản / nông sản đặc trưng; Bánh dân gian; Thức uống địa phương
Tp Hồ Chí Minh,HỒ CHÍ MINH,Thành phố Vũng Tàu; Thành phố Bà Rịa; Thành phố Phú Mỹ; Huyện Châu Đức; Huyện Xuyên Mộc; Huyện Long Đất; Huyện Côn Đảo; Thành phố Dĩ An; Thành phố Thuận An; Thành phố Thủ Dầu Một; Thành phố Tân Uyên; Thành phố Bến Cát; Huyện Dầu Tiếng; Huyện Bàu Bàng; Huyện Bắc Tân Uyên; Huyện Phú Giáo; Quận 1; Quận 3; Quận 4; Quận 5; Quận 6; Quận 7; Quận 8; Quận 10; Quận 11; Quận 12; Quận Bình Tân; Quận Bình Thạnh; Quận Gò Vấp; Quận Phú Nhuận; Quận Tân Bình; Quận Tân Phú; Thành phố Thủ Đức; Huyện Bình Chánh; Huyện Cần Giờ; Huyện Củ Chi; Huyện Hóc Môn; Huyện Nhà Bè,Phường Vũng Tàu; Phường Tam Thắng; Phường Rạch Dừa; Phường Phước Thắng; Phường Bà Rịa; Phường Long Hương; Phường Phú Mỹ; Phường Tam Long; Phường Tân Thành; Phường Tân Phước; Phường Tân Hải; Xã Châu Pha; Xã Ngãi Giao; Xã Bình Giã; Xã Kim Long; Xã Châu Đức; Xã Xuân Sơn; Xã Nghĩa Thành; Xã Hồ Tràm; Xã Xuyên Mộc; Xã Hòa Hội; Xã Bàu Lâm; Xã Phước Hải; Xã Long Hải; Xã Đất Đỏ; Xã Long Điền; Đặc khu Côn Đảo; Phường Đông Hoà; Phường Dĩ An; Phường Tân Đông Hiệp; Phường Thuận An; Phường Thuận Giao; Phường Bình Hoà; Phường Lái Thiêu; Phường An Phú; Phường Bình Dương; Phường Chánh Hiệp; Phường Thủ Dầu Một; Phường Phú Lợi; Phường Vĩnh Tân; Phường Bình Cơ; Phường Tân Uyên; Phường Tân Hiệp; Phường Tân Khánh; Phường Hoà Lợi; Phường Phú An; Phường Tây Nam; Phường Long Nguyên; Phường Bến Cát; Phường Chánh Phú Hoà; Xã Bắc Tân Uyên; Xã Thường Tân; Xã An Long; Xã Phước Thành; Xã Phước Hoà; Xã Phú Giáo; Xã Trừ Văn Thố; Xã Bàu Bàng; Xã Minh Thạnh; Xã Long Hoà; Xã Dầu Tiếng; Xã Thanh An; Phường Sài Gòn; Phường Tân Định; Phường Bến Thành; Phường Cầu Ông Lãnh; Phường Bàn Cờ; Phường Xuân Hoà; Phường Nhiêu Lộc; Phường Xóm Chiếu; Phường Khánh Hội; Phường Vĩnh Hội; Phường Chợ Quán; Phường An Đông; Phường Chợ Lớn; Phường Bình Tây; Phường Bình Tiên; Phường Bình Phú; Phường Phú Lâm; Phường Tân Thuận; Phường Phú Thuận; Phường Tân Mỹ; Phường Tân Hưng; Phường Chánh Hưng; Phường Phú Định; Phường Bình Đông; Phường Diên Hồng; Phường Vườn Lài; Phường Hoà Hưng; Phường Minh Phụng; Phường Bình Thới; Phường Hoà Bình; Phường Phú Thọ; Phường Đông Hưng Thuận; Phường Trung Mỹ Tây; Phường Tân Thới Hiệp; Phường Thới An; Phường An Phú Đông; Phường An Lạc; Phường Tân Tạo; Phường Bình Tân; Phường Bình Trị Đông; Phường Bình Hưng Hoà; Phường Gia Định; Phường Bình Thạnh; Phường Bình Lợi Trung; Phường Thạnh Mỹ Tây; Phường Bình Quới; Phường Hạnh Thông; Phường An Nhơn; Phường Gò Vấp; Phường An Hội Đông; Phường Thông Tây Hội; Phường An Hội Tây; Phường Đức Nhuận; Phường Cầu Kiệu; Phường Phú Nhuận; Phường Tân Sơn Hoà; Phường Tân Sơn Nhất; Phường Tân Hoà; Phường Bảy Hiền; Phường Tân Bình; Phường Tân Sơn; Phường Tây Thạnh; Phường Tân Sơn Nhì; Phường Phú Thọ Hoà; Phường Tân Phú; Phường Phú Thạnh; Phường Hiệp Bình; Phường Thủ Đức; Phường Tam Bình; Phường Linh Xuân; Phường Tăng Nhơn Phú; Phường Long Bình; Phường Long Phước; Phường Long Trường; Phường Cát Lái; Phường Bình Trưng; Phường Phước Long; Phường An Khánh; Xã Vĩnh Lộc; Xã Tân Vĩnh Lộc; Xã Bình Lợi; Xã Tân Nhựt; Xã Bình Chánh; Xã Hưng Long; Xã Bình Hưng; Xã Bình Khánh; Xã An Thới Đông; Xã Cần Giờ; Xã Củ Chi; Xã Tân An Hội; Xã Thái Mỹ; Xã An Nhơn Tây; Xã Nhuận Đức; Xã Phú Hoà Đông; Xã Bình Mỹ; Xã Đông Thạnh; Xã Hóc Môn; Xã Xuân Thới Sơn; Xã Bà Điểm; Xã Nhà Bè; Xã Hiệp Phước; Xã Long Sơn; Xã Hòa Hiệp; Xã Bình Châu; Phường Thới Hoà; Xã Thạnh An,Phường Vũng Tàu; Phường Tam Thắng; Phường Rạch Dừa; Phường Phước Thắng; Phường Bà Rịa; Phường Long Hương; Phường Phú Mỹ; Phường Tam Long; Phường Tân Thành; Phường Tân Phước; Phường Tân Hải; Xã Châu Pha; Xã Ngãi Giao; Xã Bình Giã; Xã Kim Long; Xã Châu Đức; Xã Xuân Sơn; Xã Nghĩa Thành; Xã Hồ Tràm; Xã Xuyên Mộc; Xã Hòa Hội; Xã Bàu Lâm; Xã Phước Hải; Xã Long Hải; Xã Đất Đỏ; Xã Long Điền; Đặc khu Côn Đảo; Phường Đông Hoà; Phường Dĩ An; Phường Tân Đông Hiệp; Phường Thuận An; Phường Thuận Giao; Phường Bình Hoà; Phường Lái Thiêu; Phường An Phú; Phường Bình Dương; Phường Chánh Hiệp; Phường Thủ Dầu Một; Phường Phú Lợi; Phường Vĩnh Tân,Địa danh trung tâm; Sông hồ / bờ biển / núi đặc trưng; Khu văn hóa lịch sử; Chợ địa phương; Công viên / thắng cảnh nổi bật,Đặc sản địa phương; Món truyền thống; Hải sản / nông sản đặc trưng; Bánh dân gian; Thức uống địa phương
Tỉnh Vĩnh Long,VĨNH LONG,Thành phố Trà Vinh; Huyện Mang Thít; Huyện Càng Long; Huyện Long Hồ; Thành phố Vĩnh Long; Huyện Châu Thành; Huyện Vũng Liêm; Huyện Cầu Kè; Huyện Tiểu Cần; Huyện Trà Ôn; Huyện Cầu Ngang; Huyện Tam Bình; Huyện Trà Cú; Huyện Bình Tân; Thị xã Bình Minh; Thị xã Duyên Hải; Huyện Duyên Hải; Thành phố Bến Tre; Huyện Chợ Lách; Huyện Mỏ Cày Bắc; Huyện Mỏ Cày Nam; Huyện Thạnh Phú; Huyện Ba Tri; Huyện Giồng Trôm; Huyện Bình Đại,Phường Trà Vinh; Xã Cái Nhum; Phường Long Đức; Xã Tân Long Hội; Phường Nguyệt Hóa; Xã Nhơn Phú; Phường Hòa Thuận; Xã Bình Phước; Xã Càng Long; Xã An Bình; Xã An Trường; Xã Long Hồ; Xã Tân An; Xã Phú Quới; Xã Nhị Long; Phường Thanh Đức; Xã Bình Phú; Phường Long Châu; Xã Châu Thành; Phường Phước Hậu; Xã Song Lộc; Phường Tân Hạnh; Xã Hưng Mỹ; Phường Tân Ngãi; Xã Hòa Minh; Xã Quới Thiện; Xã Long Hòa; Xã Trung Thành; Xã Cầu Kè; Xã Trung Ngãi; Xã Phong Thạnh; Xã Quới An; Xã An Phú Tân; Xã Trung Hiệp; Xã Tam Ngãi; Xã Hiếu Phụng; Xã Tiểu Cần; Xã Hiếu Thành; Xã Tân Hòa; Xã Lục Sỹ Thành; Xã Hùng Hòa; Xã Trà Ôn; Xã Tập Ngãi; Xã Trà Côn; Xã Cầu Ngang; Xã Vĩnh Xuân; Xã Mỹ Long; Xã Hòa Bình; Xã Vinh Kim; Xã Hòa Hiệp; Xã Nhị Trường; Xã Tam Bình; Xã Hiệp Mỹ; Xã Ngãi Tứ; Xã Trà Cú; Xã Song Phú; Xã Lưu Nghiệp Anh; Xã Cái Ngang; Xã Đại An; Xã Tân Quới; Xã Hàm Giang; Xã Tân Lược; Xã Long Hiệp; Xã Mỹ Thuận; Xã Tập Sơn; Phường Bình Minh; Phường Duyên Hải; Phường Cái Vồn; Phường Trường Long Hòa; Phường Đông Thành; Xã Long Hữu; Xã Long Thành; Xã Đông Hải; Xã Long Vĩnh; Xã Đôn Châu; Xã Ngũ Lạc; Phường An Hội; Phường Phú Khương; Phường Bến Tre; Phường Sơn Đông; Phường Phú Tân; Xã Phú Túc; Xã Giao Long; Xã Tiên Thủy; Xã Tân Phú; Xã Phú Phụng; Xã Chợ Lách; Xã Vĩnh Thành; Xã Hưng Khánh Trung; Xã Phước Mỹ Trung; Xã Tân Thành Bình; Xã Nhuận Phú Tân; Xã Đồng Khởi; Xã Mỏ Cày; Xã Thành Thới; Xã An Định; Xã Hương Mỹ; Xã Đại Điền; Xã Quới Điền; Xã Thạnh Phú; Xã An Qui; Xã Thạnh Hải; Xã Thạnh Phong; Xã Tân Thủy; Xã Bảo Thạnh; Xã Ba Tri; Xã Tân Xuân; Xã Mỹ Chánh Hòa; Xã An Ngãi Trung; Xã An Hiệp; Xã Hưng Nhượng; Xã Giồng Trôm; Xã Tân Hào; Xã Phước Long; Xã Lương Phú; Xã Châu Hòa; Xã Lương Hòa; Xã Thới Thuận; Xã Thạnh Phước; Xã Bình Đại; Xã Thạnh Trị; Xã Lộc Thuận; Xã Châu Hưng; Xã Phú Thuận,Phường Trà Vinh; Xã Cái Nhum; Phường Long Đức; Xã Tân Long Hội; Phường Nguyệt Hóa; Xã Nhơn Phú; Phường Hòa Thuận; Xã Bình Phước; Xã Càng Long; Xã An Bình; Xã An Trường; Xã Long Hồ; Xã Tân An; Xã Phú Quới; Xã Nhị Long; Phường Thanh Đức; Xã Bình Phú; Phường Long Châu; Xã Châu Thành; Phường Phước Hậu; Xã Song Lộc; Phường Tân Hạnh; Xã Hưng Mỹ; Phường Tân Ngãi; Xã Hòa Minh; Xã Quới Thiện; Xã Long Hòa; Xã Trung Thành; Xã Cầu Kè; Xã Trung Ngãi; Xã Phong Thạnh; Xã Quới An; Xã An Phú Tân; Xã Trung Hiệp; Xã Tam Ngãi; Xã Hiếu Phụng; Xã Tiểu Cần; Xã Hiếu Thành; Xã Tân Hòa; Xã Lục Sỹ Thành,Địa danh trung tâm; Sông hồ / bờ biển / núi đặc trưng; Khu văn hóa lịch sử; Chợ địa phương; Công viên / thắng cảnh nổi bật,Đặc sản địa phương; Món truyền thống; Hải sản / nông sản đặc trưng; Bánh dân gian; Thức uống địa phương
Tỉnh Đồng Tháp,ĐỒNG THÁP,Thành phố Mỹ Tho; Thành phố Gò Công; Thị xã Cai Lậy; Huyện Cái Bè; Huyện Cai Lậy; Huyện Tân Phước; Huyện Châu Thành; Huyện Chợ Gạo; Huyện Gò Công Tây; Huyện Gò Công Đông; Huyện Tân Phú Đông; Huyện Tân Hồng; Thành phố Hồng Ngự; Huyện Hồng Ngự; Huyện Tam Nông; Huyện Thanh Bình; Huyện Tháp Mười; Huyện Cao Lãnh; Thành phố Cao Lãnh; Huyện Lấp Vò; Huyện Lai Vung; Thành phố Sa Đéc,Phường Mỹ Tho; Phường Đạo Thạnh; Phường Mỹ Phong; Phường Thới Sơn; Phường Trung An; Phường Gò Công; Phường Long Thuận; Phường Sơn Qui; Phường Bình Xuân; Phường Mỹ Phước Tây; Phường Thanh Hoà; Phường Cai Lậy; Phường Nhị Quý; Xã Tân Phú; Xã Thanh Hưng; Xã An Hữu; Xã Mỹ Lợi; Xã Mỹ Đức Tây; Xã Mỹ Thiện; Xã Hậu Mỹ; Xã Hội Cư; Xã Cái Bè; Xã Bình Phú; Xã Hiệp Đức; Xã Ngũ Hiệp; Xã Long Tiên; Xã Mỹ Thành; Xã Thạnh Phú; Xã Tân Phước 1; Xã Tân Phước 2; Xã Tân Phước 3; Xã Hưng Thạnh; Xã Tân Hương; Xã Châu Thành; Xã Long Hưng; Xã Long Định; Xã Vĩnh Kim; Xã Kim Sơn; Xã Bình Trưng; Xã Mỹ Tịnh An; Xã Lương Hoà Lạc; Xã Tân Thuận Bình; Xã Chợ Gạo; Xã An Thạnh Thủy; Xã Bình Ninh; Xã Vĩnh Bình; Xã Đồng Sơn; Xã Phú Thành; Xã Long Bình; Xã Vĩnh Hựu; Xã Gò Công Đông; Xã Tân Điền; Xã Tân Hoà; Xã Tân Đông; Xã Gia Thuận; Xã Tân Thới; Xã Tân Phú Đông; Xã Tân Hồng; Xã Tân Thành; Xã Tân Hộ Cơ; Xã An Phước; Phường An Bình; Phường Hồng Ngự; Phường Thường Lạc; Xã Thường Phước; Xã Long Khánh; Xã Long Phú Thuận; Xã An Hoà; Xã Tam Nông; Xã Phú Thọ; Xã Tràm Chim; Xã Phú Cường; Xã An Long; Xã Thanh Bình; Xã Tân Thạnh; Xã Bình Thành; Xã Tân Long; Xã Tháp Mười; Xã Thanh Mỹ; Xã Mỹ Quí; Xã Đốc Binh Kiều; Xã Trường Xuân; Xã Phương Thịnh; Xã Phong Mỹ; Xã Ba Sao; Xã Mỹ Thọ; Xã Bình Hàng Trung; Xã Mỹ Hiệp; Phường Cao Lãnh; Phường Mỹ Ngãi; Phường Mỹ Trà; Xã Mỹ An Hưng; Xã Tân Khánh Trung; Xã Lấp Vò; Xã Lai Vung; Xã Hoà Long; Xã Phong Hoà; Phường Sa Đéc; Xã Tân Dương; Xã Phú Hựu; Xã Tân Nhuận Đông; Xã Tân Phú Trung,Phường Mỹ Tho; Phường Đạo Thạnh; Phường Mỹ Phong; Phường Thới Sơn; Phường Trung An; Phường Gò Công; Phường Long Thuận; Phường Sơn Qui; Phường Bình Xuân; Phường Mỹ Phước Tây; Phường Thanh Hoà; Phường Cai Lậy; Phường Nhị Quý; Xã Tân Phú; Xã Thanh Hưng; Xã An Hữu; Xã Mỹ Lợi; Xã Mỹ Đức Tây; Xã Mỹ Thiện; Xã Hậu Mỹ; Xã Hội Cư; Xã Cái Bè; Xã Bình Phú; Xã Hiệp Đức; Xã Ngũ Hiệp; Xã Long Tiên; Xã Mỹ Thành; Xã Thạnh Phú; Xã Tân Phước 1; Xã Tân Phước 2; Xã Tân Phước 3; Xã Hưng Thạnh; Xã Tân Hương; Xã Châu Thành; Xã Long Hưng; Xã Long Định; Xã Vĩnh Kim; Xã Kim Sơn; Xã Bình Trưng; Xã Mỹ Tịnh An,Địa danh trung tâm; Sông hồ / bờ biển / núi đặc trưng; Khu văn hóa lịch sử; Chợ địa phương; Công viên / thắng cảnh nổi bật,Đặc sản địa phương; Món truyền thống; Hải sản / nông sản đặc trưng; Bánh dân gian; Thức uống địa phương
Tỉnh An Giang,AN GIANG,Thành phố Long Xuyên; Thành phố Châu Đốc; Huyện An Phú; Thị xã Tân Châu; Huyện Phú Tân; Huyện Châu Phú; Thị xã Tịnh Biên; Huyện Tri Tôn; Huyện Châu Thành; Huyện Chợ Mới; Huyện Thoại Sơn; Huyện Vĩnh Thuận; Huyện U Minh Thượng; Huyện An Minh; Huyện An Biên; Huyện Gò Quao; Huyện Giồng Riềng; Huyện Tân Hiệp; Huyện Hòn Đất; Huyện Giang Thành; Huyện Kiên Lương; Huyện Kiên Hải; Thành phố Rạch Giá; Thành phố Hà Tiên; Thành phố Phú Quốc,Xã Mỹ Hoà Hưng; Phường Long Xuyên; Phường Bình Đức; Phường Mỹ Thới; Phường Châu Đốc; Phường Vĩnh Tế; Xã An Phú; Xã Vĩnh Hậu; Xã Nhơn Hội; Xã Khánh Bình; Xã Phú Hữu; Xã Tân An; Xã Châu Phong; Xã Vĩnh Xương; Phường Tân Châu; Phường Long Phú; Xã Phú Tân; Xã Phú An; Xã Bình Thạnh Đông; Xã Chợ Vàm; Xã Hoà Lạc; Xã Phú Lâm; Xã Châu Phú; Xã Mỹ Đức; Xã Vĩnh Thạnh Trung; Xã Bình Mỹ; Xã Thạnh Mỹ Tây; Xã An Cư; Xã Núi Cấm; Phường Tịnh Biên; Phường Thới Sơn; Phường Chi Lăng; Xã Ba Chúc; Xã Tri Tôn; Xã Ô Lâm; Xã Cô Tô; Xã Vĩnh Gia; Xã An Châu; Xã Bình Hoà; Xã Cần Đăng; Xã Vĩnh Hanh; Xã Vĩnh An; Xã Chợ Mới; Xã Cù Lao Giêng; Xã Hội An; Xã Long Điền; Xã Nhơn Mỹ; Xã Long Kiến; Xã Thoại Sơn; Xã Óc Eo; Xã Định Mỹ; Xã Phú Hoà; Xã Vĩnh Trạch; Xã Tây Phú; Xã Vĩnh Bình; Xã Vĩnh Thuận; Xã Vĩnh Phong; Xã Vĩnh Hoà; Xã U Minh Thượng; Xã Đông Hoà; Xã Tân Thạnh; Xã Đông Hưng; Xã An Minh; Xã Vân Khánh; Xã Tây Yên; Xã Đông Thái; Xã An Biên; Xã Định Hoà; Xã Gò Quao; Xã Vĩnh Hoà Hưng; Xã Vĩnh Tuy; Xã Giồng Riềng; Xã Thạnh Hưng; Xã Long Thạnh; Xã Hoà Hưng; Xã Ngọc Chúc; Xã Hoà Thuận; Xã Tân Hội; Xã Tân Hiệp; Xã Thạnh Đông; Xã Thạnh Lộc; Xã Châu Thành; Xã Bình An; Xã Hòn Đất; Xã Sơn Kiên; Xã Mỹ Thuận; Xã Bình Sơn; Xã Bình Giang; Xã Giang Thành; Xã Vĩnh Điều; Xã Hoà Điền; Xã Kiên Lương; Xã Sơn Hải; Xã Hòn Nghệ; Đặc khu Kiên Hải; Phường Vĩnh Thông; Phường Rạch Giá; Phường Hà Tiên; Phường Tô Châu; Xã Tiên Hải; Đặc khu Phú Quốc; Đặc khu Thổ Châu,Xã Mỹ Hoà Hưng; Phường Long Xuyên; Phường Bình Đức; Phường Mỹ Thới; Phường Châu Đốc; Phường Vĩnh Tế; Xã An Phú; Xã Vĩnh Hậu; Xã Nhơn Hội; Xã Khánh Bình; Xã Phú Hữu; Xã Tân An; Xã Châu Phong; Xã Vĩnh Xương; Phường Tân Châu; Phường Long Phú; Xã Phú Tân; Xã Phú An; Xã Bình Thạnh Đông; Xã Chợ Vàm; Xã Hoà Lạc; Xã Phú Lâm; Xã Châu Phú; Xã Mỹ Đức; Xã Vĩnh Thạnh Trung; Xã Bình Mỹ; Xã Thạnh Mỹ Tây; Xã An Cư; Xã Núi Cấm; Phường Tịnh Biên; Phường Thới Sơn; Phường Chi Lăng; Xã Ba Chúc; Xã Tri Tôn; Xã Ô Lâm; Xã Cô Tô; Xã Vĩnh Gia; Xã An Châu; Xã Bình Hoà; Xã Cần Đăng,Địa danh trung tâm; Sông hồ / bờ biển / núi đặc trưng; Khu văn hóa lịch sử; Chợ địa phương; Công viên / thắng cảnh nổi bật,Đặc sản địa phương; Món truyền thống; Hải sản / nông sản đặc trưng; Bánh dân gian; Thức uống địa phương
Tp Cần Thơ,CẦN THƠ,Quận Ninh Kiều; Quận Bình Thuỷ; Quận Cái Răng; Quận Ô Môn; Quận Thốt Nốt; Huyện Phong Điền; Huyện Thới Lai; Huyện Cờ Đỏ; Huyện Vĩnh Thạnh; Thành phố Vị Thanh; Huyện Vị Thủy; Huyện Long Mỹ; Thị xã Long Mỹ; Huyện Châu Thành A; Huyện Châu Thành; Thành phố Ngã Bảy; Huyện Phụng Hiệp; Thành phố Sóc Trăng; Huyện Mỹ Xuyên; Huyện Long Phú; Huyện Kế Sách; Huyện Mỹ Tú; Thị xã Vĩnh Châu; Thị xã Ngã Năm; Huyện Thạnh Trị; Huyện Trần Đề; Huyện Cù Lao Dung,Phường Ninh Kiều; Phường Cái Khế; Phường Tân An; Phường An Bình; Phường Thới An Đông; Phường Bình Thủy; Phường Long Tuyền; Phường Cái Răng; Phường Hưng Phú; Phường Ô Môn; Phường Thới Long; Phường Phước Thới; Phường Trung Nhứt; Phường Thốt Nốt; Phường Thuận Hưng; Phường Tân Lộc; Xã Phong Điền; Xã Nhơn Ái; Xã Trường Long; Xã Thới Lai; Xã Đông Thuận; Xã Trường Xuân; Xã Trường Thành; Xã Cờ Đỏ; Xã Đông Hiệp; Xã Thạnh Phú; Xã Thới Hưng; Xã Trung Hưng; Xã Vĩnh Thạnh; Xã Vĩnh Trinh; Xã Thạnh An; Xã Thạnh Quới; Xã Hỏa Lựu; Phường Vị Thanh; Phường Vị Tân; Xã Vị Thủy; Xã Vĩnh Thuận Đông; Xã Vị Thanh 1; Xã Vĩnh Tường; Xã Vĩnh Viễn; Xã Xà Phiên; Xã Lương Tâm; Phường Long Bình; Phường Long Mỹ; Phường Long Phú 1; Xã Thạnh Xuân; Xã Tân Hoà; Xã Trường Long Tây; Xã Châu Thành; Xã Đông Phước; Xã Phú Hữu; Phường Đại Thành; Phường Ngã Bảy; Xã Tân Bình; Xã Hoà An; Xã Phương Bình; Xã Tân Phước Hưng; Xã Hiệp Hưng; Xã Phụng Hiệp; Xã Thạnh Hoà; Phường Phú Lợi; Phường Sóc Trăng; Phường Mỹ Xuyên; Xã Hoà Tú; Xã Gia Hoà; Xã Nhu Gia; Xã Ngọc Tố; Xã Trường Khánh; Xã Đại Ngãi; Xã Tân Thạnh; Xã Long Phú; Xã Nhơn Mỹ; Xã Phong Nẫm; Xã An Lạc Thôn; Xã Kế Sách; Xã Thới An Hội; Xã Đại Hải; Xã Phú Tâm; Xã An Ninh; Xã Thuận Hoà; Xã Hồ Đắc Kiện; Xã Mỹ Tú; Xã Long Hưng; Xã Mỹ Phước; Xã Mỹ Hương; Xã Vĩnh Hải; Xã Lai Hoà; Phường Vĩnh Phước; Phường Vĩnh Châu; Phường Khánh Hoà; Xã Tân Long; Phường Ngã Năm; Phường Mỹ Quới; Xã Phú Lộc; Xã Vĩnh Lợi; Xã Lâm Tân; Xã Thạnh Thới An; Xã Tài Văn; Xã Liêu Tú; Xã Lịch Hội Thượng; Xã Trần Đề; Xã An Thạnh; Xã Cù Lao Dung,Phường Ninh Kiều; Phường Cái Khế; Phường Tân An; Phường An Bình; Phường Thới An Đông; Phường Bình Thủy; Phường Long Tuyền; Phường Cái Răng; Phường Hưng Phú; Phường Ô Môn; Phường Thới Long; Phường Phước Thới; Phường Trung Nhứt; Phường Thốt Nốt; Phường Thuận Hưng; Phường Tân Lộc; Xã Phong Điền; Xã Nhơn Ái; Xã Trường Long; Xã Thới Lai; Xã Đông Thuận; Xã Trường Xuân; Xã Trường Thành; Xã Cờ Đỏ; Xã Đông Hiệp; Xã Thạnh Phú; Xã Thới Hưng; Xã Trung Hưng; Xã Vĩnh Thạnh; Xã Vĩnh Trinh; Xã Thạnh An; Xã Thạnh Quới; Xã Hỏa Lựu; Phường Vị Thanh; Phường Vị Tân; Xã Vị Thủy; Xã Vĩnh Thuận Đông; Xã Vị Thanh 1; Xã Vĩnh Tường; Xã Vĩnh Viễn,Địa danh trung tâm; Sông hồ / bờ biển / núi đặc trưng; Khu văn hóa lịch sử; Chợ địa phương; Công viên / thắng cảnh nổi bật,Đặc sản địa phương; Món truyền thống; Hải sản / nông sản đặc trưng; Bánh dân gian; Thức uống địa phương
Tỉnh Cà Mau,CÀ MAU,Thành phố Cà Mau; Huyện Đầm Dơi; Huyện U Minh; Huyện Ngọc Hiển; Huyện Trần Văn Thời; Huyện Thới Bình; Huyện Năm Căn; Huyện Phú Tân; Huyện Cái Nước; Thành phố Bạc Liêu; Thị xã Giá Rai; Huyện Hồng Dân; Huyện Đông Hải; Huyện Hoà Bình; Huyện Phước Long; Huyện Vĩnh Lợi,Phường An Xuyên; Phường Lý Văn Lâm; Phường Tân Thành; Phường Hòa Thành; Xã Tân Thuận; Xã Tân Tiến; Xã Tạ An Khương; Xã Trần Phán; Xã Thanh Tùng; Xã Đầm Dơi; Xã Quách Phẩm; Xã U Minh; Xã Nguyễn Phích; Xã Khánh Lâm; Xã Khánh An; Xã Phan Ngọc Hiển; Xã Đất Mũi; Xã Tân Ân; Xã Khánh Bình; Xã Đá Bạc; Xã Khánh Hưng; Xã Sông Đốc; Xã Trần Văn Thời; Xã Thới Bình; Xã Trí Phải; Xã Tân Lộc; Xã Hồ Thị Kỷ; Xã Biển Bạch; Xã Đất Mới; Xã Năm Căn; Xã Tam Giang; Xã Cái Đôi Vàm; Xã Nguyễn Việt Khái; Xã Phú Tân; Xã Phú Mỹ; Xã Lương Thế Trân; Xã Tân Hưng; Xã Hưng Mỹ; Xã Cái Nước; Phường Bạc Liêu; Phường Vĩnh Trạch; Phường Hiệp Thành; Phường Giá Rai; Phường Láng Tròn; Xã Phong Thạnh; Xã Hồng Dân; Xã Vĩnh Lộc; Xã Ninh Thạnh Lợi; Xã Ninh Quới; Xã Gành Hào; Xã Định Thành; Xã An Trạch; Xã Long Điền; Xã Đông Hải; Xã Hoà Bình; Xã Vĩnh Mỹ; Xã Vĩnh Hậu; Xã Phước Long; Xã Vĩnh Phước; Xã Phong Hiệp; Xã Vĩnh Thanh; Xã Vĩnh Lợi; Xã Hưng Hội; Xã Châu Thới,Phường An Xuyên; Phường Lý Văn Lâm; Phường Tân Thành; Phường Hòa Thành; Xã Tân Thuận; Xã Tân Tiến; Xã Tạ An Khương; Xã Trần Phán; Xã Thanh Tùng; Xã Đầm Dơi; Xã Quách Phẩm; Xã U Minh; Xã Nguyễn Phích; Xã Khánh Lâm; Xã Khánh An; Xã Phan Ngọc Hiển; Xã Đất Mũi; Xã Tân Ân; Xã Khánh Bình; Xã Đá Bạc; Xã Khánh Hưng; Xã Sông Đốc; Xã Trần Văn Thời; Xã Thới Bình; Xã Trí Phải; Xã Tân Lộc; Xã Hồ Thị Kỷ; Xã Biển Bạch; Xã Đất Mới; Xã Năm Căn; Xã Tam Giang; Xã Cái Đôi Vàm; Xã Nguyễn Việt Khái; Xã Phú Tân; Xã Phú Mỹ; Xã Lương Thế Trân; Xã Tân Hưng; Xã Hưng Mỹ; Xã Cái Nước; Phường Bạc Liêu,Địa danh trung tâm; Sông hồ / bờ biển / núi đặc trưng; Khu văn hóa lịch sử; Chợ địa phương; Công viên / thắng cảnh nổi bật,Đặc sản địa phương; Món truyền thống; Hải sản / nông sản đặc trưng; Bánh dân gian; Thức uống địa phương
